text_id	topic	labelled_stance	actual_stance	stance_match	grammar_ok	unicode_ok	sentence_count	edu_count	adu_count	has_restatement	restatement_note	edu_segmentation	adu_content	notes	text_cleaned	coherence_issue	keep_discard	claim_no	seg_mapping
0	Should Germany introduce the death penalty?	for	against	MISMATCH	yes	yes	6	10	9	yes	"[10]=[1]: ""abolishing capital punishment"" = ""should not reintroduce"""	[1] Germany should not reintroduce the death penalty | [2] because it undermines human dignity | [3] and fails to deter crime effectively | [4] Capital punishment is inherently cruel and irreversible | [5] violating fundamental rights enshrined in international law | [6] Opponents argue that the death penalty serves as a necessary deterrent against heinous crimes | [7] but this overlooks the lack of conclusive evidence supporting its effectiveness compared to life imprisonment | [8] Moreover, the risk of wrongful convictions remains a critical flaw that no system can entirely eliminate | [9] A more humane approach focuses on rehabilitation and ensuring justice through proportional consequences | [10] Ultimately, abolishing capital punishment aligns with moral progress and reinforces societal values of compassion and fairness	ADU1=[1]=[10]: Germany should not reintroduce the death penalty (restatement merged) | ADU2=[2]: because it undermines human dignity | ADU3=[3]: and fails to deter crime effectively | ADU4=[4]: Capital punishment is inherently cruel and irreversible | ADU5=[5]: violating fundamental rights enshrined in international law | ADU6=[6]: Opponents argue that the death penalty serves as a necessary deterrent against heinous crimes | ADU7=[7]: but this overlooks the lack of conclusive evidence supporting its effectiveness compared to life imprisonment | ADU8=[8]: Moreover, the risk of wrongful convictions remains a critical flaw that no system can entirely eliminate | ADU9=[9]: A more humane approach focuses on rehabilitation and ensuring justice through proportional consequences	S1 split: because + and (separate domains). S2 split: participial. S3 split: ,but. S4: restrictive rel stays. Restatement: synonym.	Germany should not reintroduce the death penalty because it undermines human dignity and fails to deter crime effectively. Capital punishment is inherently cruel and irreversible, violating fundamental rights enshrined in international law. Opponents argue that the death penalty serves as a necessary deterrent against heinous crimes, but this overlooks the lack of conclusive evidence supporting its effectiveness compared to life imprisonment. Moreover, the risk of wrongful convictions remains a critical flaw that no system can entirely eliminate. A more humane approach focuses on rehabilitation and ensuring justice through proportional consequences. Ultimately, abolishing capital punishment aligns with moral progress and reinforces societal values of compassion and fairness.	none	keep -> stance relabeled from for to against	1	e1:a1, e2:a2, e3:a3, e4:a4, e5:a5, e6:a6, e7:a7, e8:a8, e9:a9, e10:a1
1	Should Germany introduce the death penalty?	against	against	MATCH	yes	yes	6	8	7	yes	"[8]=[1]: ""abolishing the death penalty"" = ""should not reintroduce"""	[1] Germany should not reintroduce the death penalty | [2] It is incompatible with fundamental human rights and undermines judicial integrity | [3] Opponents argue that capital punishment serves as a deterrent for severe crimes | [4] but this rationale fails to account for systemic biases and the irreversible nature of execution | [5] Moreover, the risk of wrongful convictions highlights the inherent injustice of taking a life | [6] While some believe the death penalty provides closure for victims' families | [7] alternative measures can offer justice without sacrificing ethical principles | [8] Ultimately, abolishing the death penalty aligns with Germany's commitment to humanitarian values and the rule of law	ADU1=[1]=[8]: Germany should not reintroduce the death penalty (restatement merged) | ADU2=[2]: It is incompatible with fundamental human rights and undermines judicial integrity | ADU3=[3]: Opponents argue that capital punishment serves as a deterrent for severe crimes | ADU4=[4]: but this rationale fails to account for systemic biases and the irreversible nature of execution | ADU5=[5]: Moreover, the risk of wrongful convictions highlights the inherent injustice of taking a life | ADU6=[6]: While some believe the death penalty provides closure for victims' families | ADU7=[7]: alternative measures can offer justice without sacrificing ethical principles	S2: and undermines same domain, kept. S3 split: ,but. S5 split: While. Restatement: abolishing=not reintroduce.	Germany should not reintroduce the death penalty. It is incompatible with fundamental human rights and undermines judicial integrity. Opponents argue that capital punishment serves as a deterrent for severe crimes, but this rationale fails to account for systemic biases and the irreversible nature of execution. Moreover, the risk of wrongful convictions highlights the inherent injustice of taking a life. While some believe the death penalty provides closure for victims' families, alternative measures can offer justice without sacrificing ethical principles. Ultimately, abolishing the death penalty aligns with Germany's commitment to humanitarian values and the rule of law.	none	keep	1	e1:a1, e2:a2, e3:a3, e4:a4, e5:a5, e6:a6, e7:a7, e8:a1
2	Should Germany introduce the death penalty?	for	against	MISMATCH	yes	yes	6	9	8	yes	"[9]=[1]: ""Germany can uphold its commitment to universal human dignity"" restates stance"	[1] Germany should not reintroduce the death penalty | [2] because it violates fundamental human rights and undermines the nation's moral leadership | [3] Capital punishment is inherently irreversible and prone to errors | [4] which can result in wrongful executions | [5] Opponents argue that the death penalty serves as a deterrent against severe crimes | [6] but this justification fails to account for statistical evidence showing no significant difference in crime rates | [7] Furthermore, the existence of the death penalty perpetuates systemic inequalities and racial biases within the justice system | [8] A more effective approach lies in strengthening rehabilitation programs and ensuring equitable sentencing practices | [9] By prioritizing humane treatment over retribution, Germany can uphold its commitment to universal human dignity	ADU1=[1]=[9]: Germany should not reintroduce the death penalty (restatement merged) | ADU2=[2]: because it violates fundamental human rights and undermines the nation's moral leadership | ADU3=[3]: Capital punishment is inherently irreversible and prone to errors | ADU4=[4]: which can result in wrongful executions | ADU5=[5]: Opponents argue that the death penalty serves as a deterrent against severe crimes | ADU6=[6]: but this justification fails to account for statistical evidence showing no significant difference in crime rates | ADU7=[7]: Furthermore, the existence of the death penalty perpetuates systemic inequalities and racial biases | ADU8=[8]: A more effective approach lies in strengthening rehabilitation programs and ensuring equitable sentencing practices	S1 split: because. S2 split: ,which (non-restrictive). S3 split: ,but. Restatement: Germany + human dignity.	Germany should not reintroduce the death penalty because it violates fundamental human rights and undermines the nation's moral leadership. Capital punishment is inherently irreversible and prone to errors, which can result in wrongful executions. Opponents argue that the death penalty serves as a deterrent against severe crimes, but this justification fails to account for statistical evidence showing no significant difference in crime rates between countries with and without the death penalty. Furthermore, the existence of the death penalty perpetuates systemic inequalities and racial biases within the justice system. A more effective approach lies in strengthening rehabilitation programs and ensuring equitable sentencing practices across all social groups. By prioritizing humane treatment over retribution, Germany can uphold its commitment to universal human dignity.	none	keep -> stance relabeled from for to against	1	e1:a1, e2:a2, e3:a3, e4:a4, e5:a5, e6:a6, e7:a7, e8:a8, e9:a1
3	Should Germany introduce the death penalty?	against	against	MATCH	yes	yes	6	8	7	yes	"[8]=[1]: ""reinstating the death penalty"" = ""reintroduce the death penalty"""	[1] Germany should not reintroduce the death penalty | [2] It is inconsistent with core democratic values that prioritize human dignity and life protection | [3] Opponents argue that capital punishment serves as a deterrent for severe crimes | [4] but this rationale overlooks the irreversible nature of execution and its potential for miscarriage of justice | [5] Furthermore, the existence of the death penalty can perpetuate systemic inequalities and reinforce punitive attitudes over rehabilitative ones | [6] While some may contend that certain heinous offenses justify extreme measures | [7] modern societies must uphold principles of proportionality and humane treatment even in cases of grave wrongdoing | [8] The ethical and societal costs of reinstating the death penalty outweigh any perceived benefits	ADU1=[1]=[8]: Germany should not reintroduce the death penalty (restatement merged) | ADU2=[2]: It is inconsistent with core democratic values that prioritize human dignity and life protection | ADU3=[3]: Opponents argue that capital punishment serves as a deterrent for severe crimes | ADU4=[4]: but this rationale overlooks the irreversible nature of execution and its potential for miscarriage of justice | ADU5=[5]: Furthermore, the existence of the death penalty can perpetuate systemic inequalities and reinforce punitive attitudes over rehabilitative ones | ADU6=[6]: While some may contend that certain heinous offenses justify extreme measures | ADU7=[7]: modern societies must uphold principles of proportionality and humane treatment even in cases of grave wrongdoing	S2: restrictive that stays. S3 split: ,but. S5 split: While. Restatement: reinstating=reintroduce.	Germany should not reintroduce the death penalty. It is inconsistent with core democratic values that prioritize human dignity and life protection. Opponents argue that capital punishment serves as a deterrent for severe crimes, but this rationale overlooks the irreversible nature of execution and its potential for miscarriage of justice. Furthermore, the existence of the death penalty can perpetuate systemic inequalities and reinforce punitive attitudes over rehabilitative ones. While some may contend that certain heinous offenses justify extreme measures, modern societies must uphold principles of proportionality and humane treatment even in cases of grave wrongdoing. The ethical and societal costs of reinstating the death penalty outweigh any perceived benefits.	none	keep	1	e1:a1, e2:a2, e3:a3, e4:a4, e5:a5, e6:a6, e7:a7, e8:a1
4	Should Germany introduce the death penalty?	for	against	MISMATCH	yes	yes	6	10	10	no	S6 proposes alternative (prison reforms), does not restate claim	[1] Germany should not reintroduce the death penalty | [2] because it undermines human dignity | [3] and does not serve justice effectively | [4] Capital punishment perpetuates cycles of vengeance rather than promoting rehabilitation and reconciliation | [5] Critics argue that the death penalty acts as a deterrent against serious crimes | [6] but empirical evidence shows no consistent correlation between its use and reduced crime rates | [7] Furthermore, the risk of executing innocent individuals cannot be justified by any potential benefits | [8] While some nations maintain capital punishment as a form of retribution | [9] modern societies increasingly prioritize humane legal systems over irreversible punishments | [10] A more just approach lies in strengthening prison reforms and improving forensic technologies to ensure fair outcomes	ADU1=[1]: Germany should not reintroduce the death penalty | ADU2=[2]: because it undermines human dignity | ADU3=[3]: and does not serve justice effectively | ADU4=[4]: Capital punishment perpetuates cycles of vengeance rather than promoting rehabilitation and reconciliation | ADU5=[5]: Critics argue that the death penalty acts as a deterrent against serious crimes | ADU6=[6]: but empirical evidence shows no consistent correlation between its use and reduced crime rates | ADU7=[7]: Furthermore, the risk of executing innocent individuals cannot be justified by any potential benefits | ADU8=[8]: While some nations maintain capital punishment as a form of retribution | ADU9=[9]: modern societies increasingly prioritize humane legal systems over irreversible punishments | ADU10=[10]: A more just approach lies in strengthening prison reforms and improving forensic technologies to ensure fair outcomes	S1 split: because + and (separate domains). S3 split: ,but. S5 split: While. No restatement: S6 is alternative.	Germany should not reintroduce the death penalty because it undermines human dignity and does not serve justice effectively. Capital punishment perpetuates cycles of vengeance rather than promoting rehabilitation and reconciliation. Critics argue that the death penalty acts as a deterrent against serious crimes, but empirical evidence shows no consistent correlation between its use and reduced crime rates. Furthermore, the risk of executing innocent individuals cannot be justified by any potential benefits. While some nations maintain capital punishment as a form of retribution, modern societies increasingly prioritize humane legal systems over irreversible punishments. A more just approach lies in strengthening prison reforms and improving forensic technologies to ensure fair outcomes.	none	keep -> stance relabeled from for to against	1	e1:a1, e2:a2, e3:a3, e4:a4, e5:a5, e6:a6, e7:a7, e8:a8, e9:a9, e10:a10
5	Should Germany introduce the death penalty?	against	against	MATCH	yes	yes	6	8	7	yes	"[8]=[1]: ""upholding human rights...must take precedence"" restates stance"	[1] Germany should not reintroduce the death penalty | [2] Capital punishment fails to deter crime effectively and risks perpetuating cycles of violence | [3] Opponents argue that the death penalty serves as a just response to heinous crimes | [4] but this justification overlooks the irreversible nature of execution and the potential for wrongful convictions | [5] Moreover, societies with the death penalty often experience higher rates of judicial errors and systemic bias | [6] While some may contend that capital punishment ensures public safety | [7] alternative sentencing models have proven more humane and effective in maintaining order | [8] Ultimately, upholding human rights and ensuring fair justice systems must take precedence over retribution	ADU1=[1]=[8]: Germany should not reintroduce the death penalty (restatement merged) | ADU2=[2]: Capital punishment fails to deter crime effectively and risks perpetuating cycles of violence | ADU3=[3]: Opponents argue that the death penalty serves as a just response to heinous crimes | ADU4=[4]: but this justification overlooks the irreversible nature of execution and the potential for wrongful convictions | ADU5=[5]: Moreover, societies with the death penalty often experience higher rates of judicial errors and systemic bias | ADU6=[6]: While some may contend that capital punishment ensures public safety | ADU7=[7]: alternative sentencing models have proven more humane and effective in maintaining order	S3 split: ,but. S5 split: While. Restatement: human rights stance restates [1].	Germany should not reintroduce the death penalty. Capital punishment fails to deter crime effectively and risks perpetuating cycles of violence. Opponents argue that the death penalty serves as a just response to heinous crimes, but this justification overlooks the irreversible nature of execution and the potential for wrongful convictions. Moreover, societies with the death penalty often experience higher rates of judicial errors and systemic bias. While some may contend that capital punishment ensures public safety, alternative sentencing models have proven more humane and effective in maintaining order. Ultimately, upholding human rights and ensuring fair justice systems must take precedence over retribution.	none	keep	1	e1:a1, e2:a2, e3:a3, e4:a4, e5:a5, e6:a6, e7:a7, e8:a1
6	Should Germany introduce the death penalty?	for	against	MISMATCH	yes	yes	6	9	9	no	S6 proposes alternative (rehabilitation), does not restate claim	[1] Germany should not reintroduce the death penalty | [2] because it undermines human rights principles | [3] and fails to serve as an effective deterrent | [4] Capital punishment perpetuates systemic injustice by disproportionately targeting marginalized groups | [5] thereby violating the principle of equal justice under the law | [6] Opponents argue that the death penalty provides closure for victims' families and ensures accountability for heinous crimes | [7] However, research shows that life imprisonment without parole can achieve similar outcomes without the irreversible consequences of execution | [8] Furthermore, the risk of wrongful convictions highlights the fallibility of the legal system, making capital punishment inherently flawed | [9] A more just society prioritizes rehabilitation and restorative practices over retribution	ADU1=[1]: Germany should not reintroduce the death penalty | ADU2=[2]: because it undermines human rights principles | ADU3=[3]: and fails to serve as an effective deterrent | ADU4=[4]: Capital punishment perpetuates systemic injustice by disproportionately targeting marginalized groups | ADU5=[5]: thereby violating the principle of equal justice under the law | ADU6=[6]: Opponents argue that the death penalty provides closure for victims' families and ensures accountability for heinous crimes | ADU7=[7]: However, research shows that life imprisonment without parole can achieve similar outcomes without the irreversible consequences of execution | ADU8=[8]: Furthermore, the risk of wrongful convictions highlights the fallibility of the legal system, making capital punishment inherently flawed | ADU9=[9]: A more just society prioritizes rehabilitation and restorative practices over retribution	S1 split: because + and (separate domains). S2 split: participial thereby violating. S5: making extends same point, kept. No restatement: S6 is alternative.	Germany should not reintroduce the death penalty because it undermines human rights principles and fails to serve as an effective deterrent. Capital punishment perpetuates systemic injustice by disproportionately targeting marginalized groups, thereby violating the principle of equal justice under the law. Opponents argue that the death penalty provides closure for victims' families and ensures accountability for heinous crimes. However, research shows that life imprisonment without parole can achieve similar outcomes without the irreversible consequences of execution. Furthermore, the risk of wrongful convictions highlights the fallibility of the legal system, making capital punishment inherently flawed. A more just society prioritizes rehabilitation and restorative practices over retribution.	none	keep -> stance relabeled from for to against	1	e1:a1, e2:a2, e3:a3, e4:a4, e5:a5, e6:a6, e7:a7, e8:a8, e9:a9
7	Should Germany introduce the death penalty?	against	against	MATCH	yes	yes	6	8	7	yes	"[8]=[1]: ""pursuit of justice must prioritize rehabilitation and protection of individual freedoms"" restates stance"	[1] Germany should not reintroduce the death penalty | [2] It is incompatible with fundamental human rights and undermines the core values of justice and dignity | [3] Opponents argue that capital punishment serves as a deterrent for heinous crimes | [4] but this justification fails to account for systemic flaws and irreversible mistakes | [5] Furthermore, the risk of executing innocent individuals cannot be justified by any potential benefit | [6] While some believe the death penalty provides closure for victims' families | [7] alternatives like life imprisonment without parole can achieve similar outcomes without violating moral principles | [8] Ultimately, the pursuit of justice must prioritize rehabilitation and the protection of individual freedoms over retribution	ADU1=[1]=[8]: Germany should not reintroduce the death penalty (restatement merged) | ADU2=[2]: It is incompatible with fundamental human rights and undermines the core values of justice and dignity | ADU3=[3]: Opponents argue that capital punishment serves as a deterrent for heinous crimes | ADU4=[4]: but this justification fails to account for systemic flaws and irreversible mistakes | ADU5=[5]: Furthermore, the risk of executing innocent individuals cannot be justified by any potential benefit | ADU6=[6]: While some believe the death penalty provides closure for victims' families | ADU7=[7]: alternatives like life imprisonment without parole can achieve similar outcomes without violating moral principles	S3 split: ,but. S5 split: While. Restatement: pursuit of justice + individual freedoms restates [1].	Germany should not reintroduce the death penalty. It is incompatible with fundamental human rights and undermines the core values of justice and dignity. Opponents argue that capital punishment serves as a deterrent for heinous crimes, but this justification fails to account for systemic flaws and irreversible mistakes. Furthermore, the risk of executing innocent individuals cannot be justified by any potential benefit. While some believe the death penalty provides closure for victims' families, alternatives like life imprisonment without parole can achieve similar outcomes without violating moral principles. Ultimately, the pursuit of justice must prioritize rehabilitation and the protection of individual freedoms over retribution.	none	keep	1	e1:a1, e2:a2, e3:a3, e4:a4, e5:a5, e6:a6, e7:a7, e8:a1
8	Should intelligence services be regulated more tightly by parliament?	for	for	MATCH	yes	yes	6	6	6	no	S6 is additional support, not restatement	[1] Intelligence services should be subject to tighter parliamentary regulation to ensure accountability and prevent abuse | [2] Tighter oversight would help align these agencies with democratic principles and protect civil liberties | [3] Critics argue that increased scrutiny could hinder national security operations by slowing decision-making processes | [4] However, this concern can be mitigated through streamlined legislative frameworks that balance transparency with operational efficiency | [5] Moreover, parliamentary control allows for greater public trust and ensures actions taken are justified under law | [6] Regular audits and reporting mechanisms further reinforce compliance without compromising effectiveness	ADU1=[1]: Intelligence services should be subject to tighter parliamentary regulation to ensure accountability and prevent abuse | ADU2=[2]: Tighter oversight would help align these agencies with democratic principles and protect civil liberties | ADU3=[3]: Critics argue that increased scrutiny could hinder national security operations by slowing decision-making processes | ADU4=[4]: However, this concern can be mitigated through streamlined legislative frameworks that balance transparency with operational efficiency | ADU5=[5]: Moreover, parliamentary control allows for greater public trust and ensures actions taken are justified under law | ADU6=[6]: Regular audits and reporting mechanisms further reinforce compliance without compromising effectiveness	1:1 sentence-to-EDU. No within-sentence splits. No restatement.	Intelligence services should be subject to tighter parliamentary regulation to ensure accountability and prevent abuse. Tighter oversight would help align these agencies with democratic principles and protect civil liberties. Critics argue that increased scrutiny could hinder national security operations by slowing decision-making processes. However, this concern can be mitigated through streamlined legislative frameworks that balance transparency with operational efficiency. Moreover, parliamentary control allows for greater public trust and ensures actions taken are justified under law. Regular audits and reporting mechanisms further reinforce compliance without compromising effectiveness.	none	keep	1	e1:a1, e2:a2, e3:a3, e4:a4, e5:a5, e6:a6
9	Should intelligence services be regulated more tightly by parliament?	against	against	MATCH	yes	yes	5	7	6	yes	"[7]=[1]: ""trust in professional judgment"" = ""should not be regulated"""	[1] Intelligence services should not be regulated more tightly by parliament | [2] Tighter regulation could undermine their operational effectiveness and compromise national security by restricting necessary surveillance activities | [3] Proponents argue increased oversight enhances accountability and prevents abuse | [4] but this overlooks the practical challenges of real-time decision-making in high-stakes scenarios | [5] Critics contend parliamentary involvement may lead to political interference | [6] yet independent oversight mechanisms can balance transparency with autonomy | [7] Ultimately, trust in professional judgment is essential for maintaining both security and democratic integrity	ADU1=[1]=[7]: Intelligence services should not be regulated more tightly by parliament (restatement merged) | ADU2=[2]: Tighter regulation could undermine their operational effectiveness and compromise national security by restricting necessary surveillance activities | ADU3=[3]: Proponents argue increased oversight enhances accountability and prevents abuse | ADU4=[4]: but this overlooks the practical challenges of real-time decision-making in high-stakes scenarios | ADU5=[5]: Critics contend parliamentary involvement may lead to political interference | ADU6=[6]: yet independent oversight mechanisms can balance transparency with autonomy	5 sentences. S3 split: ,but. S4 split: ,yet. Restatement: trust in judgment = not regulate.	Intelligence services should not be regulated more tightly by parliament. Tighter regulation could undermine their operational effectiveness and compromise national security by restricting necessary surveillance activities. Proponents argue increased oversight enhances accountability and prevents abuse, but this overlooks the practical challenges of real-time decision-making in high-stakes scenarios. Critics contend parliamentary involvement may lead to political interference, yet independent oversight mechanisms can balance transparency with autonomy. Ultimately, trust in professional judgment is essential for maintaining both security and democratic integrity.	none	keep	1	e1:a1, e2:a2, e3:a3, e4:a4, e5:a5, e6:a6, e7:a1
10	Should intelligence services be regulated more tightly by parliament?	for	for	MATCH	yes	yes	6	6	5	yes	"[6]=[1]: ""stronger legislative frameworks"" = ""regulated more tightly"""	[1] Intelligence services should be regulated more tightly by parliament to ensure accountability and prevent abuse of power | [2] Tighter regulation would enhance transparency and align these agencies with democratic principles | [3] Critics argue that increased oversight could hinder national security operations by slowing decision-making processes | [4] However, effective oversight can be implemented through targeted legislation without compromising operational efficiency | [5] Additionally, parliamentary control ensures that intelligence activities remain subject to public scrutiny and legal constraints | [6] Ultimately, balancing security needs with civil liberties requires stronger legislative frameworks	ADU1=[1]=[6]: Intelligence services should be regulated more tightly by parliament to ensure accountability and prevent abuse of power (restatement merged) | ADU2=[2]: Tighter regulation would enhance transparency and align these agencies with democratic principles | ADU3=[3]: Critics argue that increased oversight could hinder national security operations by slowing decision-making processes | ADU4=[4]: However, effective oversight can be implemented through targeted legislation without compromising operational efficiency | ADU5=[5]: Additionally, parliamentary control ensures that intelligence activities remain subject to public scrutiny and legal constraints	1:1 sentence-to-EDU. Restatement: stronger frameworks = regulated more tightly.	Intelligence services should be regulated more tightly by parliament to ensure accountability and prevent abuse of power. Tighter regulation would enhance transparency and align these agencies with democratic principles. Critics argue that increased oversight could hinder national security operations by slowing decision-making processes. However, effective oversight can be implemented through targeted legislation without compromising operational efficiency. Additionally, parliamentary control ensures that intelligence activities remain subject to public scrutiny and legal constraints. Ultimately, balancing security needs with civil liberties requires stronger legislative frameworks.	none	keep	1	e1:a1, e2:a2, e3:a3, e4:a4, e5:a5, e6:a1
11	Should intelligence services be regulated more tightly by parliament?	against	against	MATCH	yes	yes	6	8	7	yes	"[7]=[1]: ""maintaining autonomy"" = ""should not be regulated more tightly"""	[1] Intelligence services should not be regulated more tightly by parliament | [2] Tighter regulation could undermine operational effectiveness and compromise national security by limiting necessary flexibility | [3] Critics argue enhanced oversight ensures accountability and prevents abuse | [4] but this overlooks the risks of bureaucratic interference in critical decision-making | [5] While transparency is important | [6] excessive parliamentary control may hinder timely responses to emerging threats | [7] Ultimately, maintaining autonomy allows intelligence agencies to act decisively when needed without unnecessary delays | [8] A balanced approach involving independent audits alongside strategic guidelines offers a more viable solution	ADU1=[1]=[7]: Intelligence services should not be regulated more tightly by parliament (restatement merged) | ADU2=[2]: Tighter regulation could undermine operational effectiveness and compromise national security by limiting necessary flexibility | ADU3=[3]: Critics argue enhanced oversight ensures accountability and prevents abuse | ADU4=[4]: but this overlooks the risks of bureaucratic interference in critical decision-making | ADU5=[5]: While transparency is important | ADU6=[6]: excessive parliamentary control may hinder timely responses to emerging threats | ADU7=[8]: A balanced approach involving independent audits alongside strategic guidelines offers a more viable solution	S3 split: ,but. S4 split: While. Restatement: maintaining autonomy = not regulate. S6 is alternative proposal.	Intelligence services should not be regulated more tightly by parliament. Tighter regulation could undermine operational effectiveness and compromise national security by limiting necessary flexibility. Critics argue enhanced oversight ensures accountability and prevents abuse, but this overlooks the risks of bureaucratic interference in critical decision-making. While transparency is important, excessive parliamentary control may hinder timely responses to emerging threats. Ultimately, maintaining autonomy allows intelligence agencies to act decisively when needed without unnecessary delays. A balanced approach involving independent audits alongside strategic guidelines offers a more viable solution.	none	keep	1	e1:a1, e2:a2, e3:a3, e4:a4, e5:a5, e6:a6, e7:a1, e8:a7
12	Should intelligence services be regulated more tightly by parliament?	for	for	MATCH	yes	yes	6	6	6	no	S6 is additional support about public scrutiny, not restatement	[1] Intelligence services should be regulated more tightly by parliament to ensure accountability and prevent abuse of power | [2] Tighter parliamentary oversight would enhance transparency and align these agencies with democratic principles | [3] Critics argue that increased regulation could hinder national security operations by slowing decision-making processes | [4] However, this concern can be mitigated through streamlined procedures that maintain operational efficiency without compromising oversight | [5] Additionally, stricter regulations would help safeguard civil liberties against potential overreach | [6] Parliamentary control also ensures that intelligence activities remain subject to public scrutiny and legal constraints	ADU1=[1]: Intelligence services should be regulated more tightly by parliament to ensure accountability and prevent abuse of power | ADU2=[2]: Tighter parliamentary oversight would enhance transparency and align these agencies with democratic principles | ADU3=[3]: Critics argue that increased regulation could hinder national security operations by slowing decision-making processes | ADU4=[4]: However, this concern can be mitigated through streamlined procedures that maintain operational efficiency without compromising oversight | ADU5=[5]: Additionally, stricter regulations would help safeguard civil liberties against potential overreach | ADU6=[6]: Parliamentary control also ensures that intelligence activities remain subject to public scrutiny and legal constraints	1:1 sentence-to-EDU. No restatement. Nearly identical structure to Texts 8, 10, 14.	Intelligence services should be regulated more tightly by parliament to ensure accountability and prevent abuse of power. Tighter parliamentary oversight would enhance transparency and align these agencies with democratic principles. Critics argue that increased regulation could hinder national security operations by slowing decision-making processes. However, this concern can be mitigated through streamlined procedures that maintain operational efficiency without compromising oversight. Additionally, stricter regulations would help safeguard civil liberties against potential overreach. Parliamentary control also ensures that intelligence activities remain subject to public scrutiny and legal constraints.	none	keep	1	e1:a1, e2:a2, e3:a3, e4:a4, e5:a5, e6:a6
13	Should intelligence services be regulated more tightly by parliament?	against	against	MATCH	yes	yes	7	7	6	yes	"[7]=[1]: ""Their independence is essential"" = ""should not be regulated"""	[1] Intelligence services should not be regulated more tightly by parliament | [2] Tight regulation could hinder their ability to operate effectively in complex security environments where rapid decision-making is crucial | [3] Critics argue that greater oversight ensures accountability and prevents abuse of power | [4] However, this concern can be addressed through existing legal frameworks and independent judicial review mechanisms | [5] Moreover, excessive parliamentary control may lead to politicization and bureaucratic delays | [6] Intelligence agencies must retain operational flexibility to respond swiftly to emerging threats without unnecessary constraints | [7] Their independence is essential for maintaining national security in unpredictable global contexts	ADU1=[1]=[7]: Intelligence services should not be regulated more tightly by parliament (restatement merged) | ADU2=[2]: Tight regulation could hinder their ability to operate effectively in complex security environments where rapid decision-making is crucial | ADU3=[3]: Critics argue that greater oversight ensures accountability and prevents abuse of power | ADU4=[4]: However, this concern can be addressed through existing legal frameworks and independent judicial review mechanisms | ADU5=[5]: Moreover, excessive parliamentary control may lead to politicization and bureaucratic delays | ADU6=[6]: Intelligence agencies must retain operational flexibility to respond swiftly to emerging threats without unnecessary constraints	7 sentences. 1:1 sentence-to-EDU. Restatement: independence = not regulate.	Intelligence services should not be regulated more tightly by parliament. Tight regulation could hinder their ability to operate effectively in complex security environments where rapid decision-making is crucial. Critics argue that greater oversight ensures accountability and prevents abuse of power. However, this concern can be addressed through existing legal frameworks and independent judicial review mechanisms. Moreover, excessive parliamentary control may lead to politicization and bureaucratic delays. Intelligence agencies must retain operational flexibility to respond swiftly to emerging threats without unnecessary constraints. Their independence is essential for maintaining national security in unpredictable global contexts.	none	keep	1	e1:a1, e2:a2, e3:a3, e4:a4, e5:a5, e6:a6, e7:a1
14	Should intelligence services be regulated more tightly by parliament?	for	for	MATCH	yes	yes	6	6	6	no	S6 describes effect (trust), not restatement of claim	[1] Intelligence services should be regulated more tightly by parliament to ensure accountability and prevent abuse of power | [2] Tighter regulation would help align their activities with democratic values and legal frameworks | [3] Critics argue that increased oversight could hinder national security operations by slowing decision-making processes | [4] However, effective checks and balances can maintain operational efficiency without compromising transparency | [5] Parliament's role is essential in ensuring these agencies serve the public interest rather than acting unilaterally | [6] A well-designed regulatory framework also fosters trust between government institutions and citizens	ADU1=[1]: Intelligence services should be regulated more tightly by parliament to ensure accountability and prevent abuse of power | ADU2=[2]: Tighter regulation would help align their activities with democratic values and legal frameworks | ADU3=[3]: Critics argue that increased oversight could hinder national security operations by slowing decision-making processes | ADU4=[4]: However, effective checks and balances can maintain operational efficiency without compromising transparency | ADU5=[5]: Parliament's role is essential in ensuring these agencies serve the public interest rather than acting unilaterally | ADU6=[6]: A well-designed regulatory framework also fosters trust between government institutions and citizens	1:1 sentence-to-EDU. No restatement. Same template as 8, 10, 12.	Intelligence services should be regulated more tightly by parliament to ensure accountability and prevent abuse of power. Tighter regulation would help align their activities with democratic values and legal frameworks. Critics argue that increased oversight could hinder national security operations by slowing decision-making processes. However, effective checks and balances can maintain operational efficiency without compromising transparency. Parliament's role is essential in ensuring these agencies serve the public interest rather than acting unilaterally. A well-designed regulatory framework also fosters trust between government institutions and citizens.	none	keep	1	e1:a1, e2:a2, e3:a3, e4:a4, e5:a5, e6:a6
15	Should intelligence services be regulated more tightly by parliament?	against	against	MATCH	yes	yes	6	6	5	yes	"[6]=[1]: ""balancing oversight with operational flexibility"" = ""should not be subject to tighter regulation"""	[1] Intelligence services should not be subject to tighter parliamentary regulation | [2] Greater oversight could hinder operational effectiveness and compromise national security | [3] Critics argue that increased transparency would enhance accountability and prevent abuse of power | [4] However, this overlooks the necessity for secrecy in counterintelligence efforts | [5] Tighter regulations may also lead to bureaucratic delays and reduced responsiveness to emerging threats | [6] Ultimately, effective governance requires balancing oversight with operational flexibility	ADU1=[1]=[6]: Intelligence services should not be subject to tighter parliamentary regulation (restatement merged) | ADU2=[2]: Greater oversight could hinder operational effectiveness and compromise national security | ADU3=[3]: Critics argue that increased transparency would enhance accountability and prevent abuse of power | ADU4=[4]: However, this overlooks the necessity for secrecy in counterintelligence efforts | ADU5=[5]: Tighter regulations may also lead to bureaucratic delays and reduced responsiveness to emerging threats	1:1 sentence-to-EDU. Restatement: balancing = not tighter regulation.	Intelligence services should not be subject to tighter parliamentary regulation. Greater oversight could hinder operational effectiveness and compromise national security. Critics argue that increased transparency would enhance accountability and prevent abuse of power. However, this overlooks the necessity for secrecy in counterintelligence efforts. Tighter regulations may also lead to bureaucratic delays and reduced responsiveness to emerging threats. Ultimately, effective governance requires balancing oversight with operational flexibility.	none	keep	1	e1:a1, e2:a2, e3:a3, e4:a4, e5:a5, e6:a1
16	Should the fine for leaving dog excrements on sideways be increased?	for	for	MATCH	yes	yes	6	6	5	yes	"[6]=[1]: ""raising the fine"" = ""fine should be increased"""	[1] The fine for leaving dog excrements on sidewalks should be increased to deter irresponsible pet ownership | [2] Higher fines would serve as a stronger deterrent, encouraging responsible disposal habits among pet owners | [3] Critics argue that increasing penalties may disproportionately affect lower-income individuals who cannot afford higher costs | [4] However, this concern can be addressed through targeted education programs alongside financial measures | [5] Additionally, stricter enforcement could lead to greater public compliance with sanitation laws | [6] Ultimately, raising the fine aligns with broader efforts to maintain clean and safe urban environments	ADU1=[1]=[6]: The fine for leaving dog excrements on sidewalks should be increased to deter irresponsible pet ownership (restatement merged) | ADU2=[2]: Higher fines would serve as a stronger deterrent, encouraging responsible disposal habits among pet owners | ADU3=[3]: Critics argue that increasing penalties may disproportionately affect lower-income individuals who cannot afford higher costs | ADU4=[4]: However, this concern can be addressed through targeted education programs alongside financial measures | ADU5=[5]: Additionally, stricter enforcement could lead to greater public compliance with sanitation laws	1:1 sentence-to-EDU. Restatement: raising the fine = should be increased.	The fine for leaving dog excrements on sidewalks should be increased to deter irresponsible pet ownership. Higher fines would serve as a stronger deterrent, encouraging responsible disposal habits among pet owners. Critics argue that increasing penalties may disproportionately affect lower-income individuals who cannot afford higher costs. However, this concern can be addressed through targeted education programs alongside financial measures. Additionally, stricter enforcement could lead to greater public compliance with sanitation laws. Ultimately, raising the fine aligns with broader efforts to maintain clean and safe urban environments.	none	keep	1	e1:a1, e2:a2, e3:a3, e4:a4, e5:a5, e6:a1
17	Should the fine for leaving dog excrements on sideways be increased?	against	against	MATCH	yes	yes	6	7	7	no	S6 proposes alternative, not restatement	[1] The fines for leaving dog waste on sidewalks should not be increased | [2] While higher penalties might deter some owners | [3] they could also lead to unintended consequences such as reduced compliance through avoidance tactics | [4] Opponents argue that stricter enforcement is necessary to promote responsible pet ownership | [5] However, this approach overlooks the role of education and community engagement in fostering long-term behavior change | [6] Moreover, increasing fines may disproportionately affect lower-income individuals without effectively solving the root issue | [7] A more effective strategy would focus on public awareness campaigns combined with accessible clean-up initiatives	ADU1=[1]: The fines for leaving dog waste on sidewalks should not be increased | ADU2=[2]: While higher penalties might deter some owners | ADU3=[3]: they could also lead to unintended consequences such as reduced compliance through avoidance tactics | ADU4=[4]: Opponents argue that stricter enforcement is necessary to promote responsible pet ownership | ADU5=[5]: However, this approach overlooks the role of education and community engagement in fostering long-term behavior change | ADU6=[6]: Moreover, increasing fines may disproportionately affect lower-income individuals without effectively solving the root issue | ADU7=[7]: A more effective strategy would focus on public awareness campaigns combined with accessible clean-up initiatives	S2 split: While. No restatement: S6 is alternative.	The fines for leaving dog waste on sidewalks should not be increased. While higher penalties might deter some owners, they could also lead to unintended consequences such as reduced compliance through avoidance tactics. Opponents argue that stricter enforcement is necessary to promote responsible pet ownership. However, this approach overlooks the role of education and community engagement in fostering long-term behavior change. Moreover, increasing fines may disproportionately affect lower-income individuals without effectively solving the root issue. A more effective strategy would focus on public awareness campaigns combined with accessible clean-up initiatives.	none	keep	1	e1:a1, e2:a2, e3:a3, e4:a4, e5:a5, e6:a6, e7:a7
18	Should the fine for leaving dog excrements on sideways be increased?	for	for	MATCH	yes	yes	6	6	6	no	S6 describes effects (community standards), not restatement	[1] The fine for leaving dog excrements on sidewalks should be increased to deter irresponsible pet ownership | [2] Higher fines would create stronger financial consequences, encouraging compliance with local cleanliness laws | [3] Critics argue that increasing penalties may disproportionately affect low-income individuals who cannot afford higher costs | [4] However, this concern can be mitigated through targeted support programs for responsible pet owners | [5] Additionally, stricter enforcement combined with public education could foster long-term behavioral change | [6] A well-structured penalty system also reinforces community standards and promotes shared responsibility for urban hygiene	ADU1=[1]: The fine for leaving dog excrements on sidewalks should be increased to deter irresponsible pet ownership | ADU2=[2]: Higher fines would create stronger financial consequences, encouraging compliance with local cleanliness laws | ADU3=[3]: Critics argue that increasing penalties may disproportionately affect low-income individuals who cannot afford higher costs | ADU4=[4]: However, this concern can be mitigated through targeted support programs for responsible pet owners | ADU5=[5]: Additionally, stricter enforcement combined with public education could foster long-term behavioral change | ADU6=[6]: A well-structured penalty system also reinforces community standards and promotes shared responsibility for urban hygiene	1:1 sentence-to-EDU. No restatement.	The fine for leaving dog excrements on sidewalks should be increased to deter irresponsible pet ownership. Higher fines would create stronger financial consequences, encouraging compliance with local cleanliness laws. Critics argue that increasing penalties may disproportionately affect low-income individuals who cannot afford higher costs. However, this concern can be mitigated through targeted support programs for responsible pet owners. Additionally, stricter enforcement combined with public education could foster long-term behavioral change. A well-structured penalty system also reinforces community standards and promotes shared responsibility for urban hygiene.	none	keep	1	e1:a1, e2:a2, e3:a3, e4:a4, e5:a5, e6:a6
19	Should the fine for leaving dog excrements on sideways be increased?	against	against	MATCH	yes	yes	6	8	8	no	S5 and S6 are alternatives, not restatement	[1] The fines for leaving dog excrement on sidewalks should not be increased | [2] While higher penalties might deter some pet owners | [3] they do little to address the root causes of irresponsible behavior | [4] Critics argue that stricter financial consequences will lead to better compliance | [5] but this overlooks the fact that many people lack access to proper waste disposal facilities | [6] Additionally, increasing fines could disproportionately affect low-income individuals who may struggle to pay even small amounts | [7] A more effective approach would focus on education and improved public infrastructure to support responsible pet ownership | [8] Implementing community clean-up initiatives can also foster collective responsibility beyond mere punishment	ADU1=[1]: The fines for leaving dog excrement on sidewalks should not be increased | ADU2=[2]: While higher penalties might deter some pet owners | ADU3=[3]: they do little to address the root causes of irresponsible behavior | ADU4=[4]: Critics argue that stricter financial consequences will lead to better compliance | ADU5=[5]: but this overlooks the fact that many people lack access to proper waste disposal facilities | ADU6=[6]: Additionally, increasing fines could disproportionately affect low-income individuals who may struggle to pay even small amounts | ADU7=[7]: A more effective approach would focus on education and improved public infrastructure to support responsible pet ownership | ADU8=[8]: Implementing community clean-up initiatives can also foster collective responsibility beyond mere punishment	S2 split: While. S3 split: ,but. No restatement.	The fines for leaving dog excrement on sidewalks should not be increased. While higher penalties might deter some pet owners, they do little to address the root causes of irresponsible behavior. Critics argue that stricter financial consequences will lead to better compliance, but this overlooks the fact that many people lack access to proper waste disposal facilities. Additionally, increasing fines could disproportionately affect low-income individuals who may struggle to pay even small amounts. A more effective approach would focus on education and improved public infrastructure to support responsible pet ownership. Implementing community clean-up initiatives can also foster collective responsibility beyond mere punishment.	none	keep	1	e1:a1, e2:a2, e3:a3, e4:a4, e5:a5, e6:a6, e7:a7, e8:a8
20	Should the fine for leaving dog excrements on sideways be increased?	for	for	MATCH	yes	yes	6	6	6	no	S6 is complementary measure, not restatement	[1] The fines for leaving dog excrement on sidewalks should be increased to encourage responsible pet ownership | [2] Higher penalties would serve as a stronger deterrent against littering, promoting cleaner public spaces | [3] Opponents argue that increasing fines may disproportionately affect low-income individuals who cannot afford higher costs | [4] However, this concern can be addressed through targeted support programs for pet owners in financial need | [5] Additionally, stricter enforcement aligns with broader efforts to maintain urban hygiene and environmental standards | [6] Public education campaigns could further complement these measures to foster long-term behavioral change	ADU1=[1]: The fines for leaving dog excrement on sidewalks should be increased to encourage responsible pet ownership | ADU2=[2]: Higher penalties would serve as a stronger deterrent against littering, promoting cleaner public spaces | ADU3=[3]: Opponents argue that increasing fines may disproportionately affect low-income individuals who cannot afford higher costs | ADU4=[4]: However, this concern can be addressed through targeted support programs for pet owners in financial need | ADU5=[5]: Additionally, stricter enforcement aligns with broader efforts to maintain urban hygiene and environmental standards | ADU6=[6]: Public education campaigns could further complement these measures to foster long-term behavioral change	1:1 sentence-to-EDU. No restatement.	The fines for leaving dog excrement on sidewalks should be increased to encourage responsible pet ownership. Higher penalties would serve as a stronger deterrent against littering, promoting cleaner public spaces. Opponents argue that increasing fines may disproportionately affect low-income individuals who cannot afford higher costs. However, this concern can be addressed through targeted support programs for pet owners in financial need. Additionally, stricter enforcement aligns with broader efforts to maintain urban hygiene and environmental standards. Public education campaigns could further complement these measures to foster long-term behavioral change.	none	keep	1	e1:a1, e2:a2, e3:a3, e4:a4, e5:a5, e6:a6
21	Should the fine for leaving dog excrements on sideways be increased?	against	against	MATCH	yes	yes	6	8	8	no	S5 and S6 are alternatives, not restatement	[1] The fines for leaving dog waste on sidewalks should not be increased | [2] While higher penalties might deter some irresponsible pet owners | [3] they do not address the root causes of littering, such as lack of education or access to proper disposal facilities | [4] Critics argue that stricter financial consequences will lead to better compliance | [5] but this overlooks the fact that fear of punishment often results in temporary behavior change rather than long-term responsibility | [6] Furthermore, increasing fines could disproportionately affect low-income individuals who may struggle to pay them without facing legal repercussions | [7] A more effective approach would involve public awareness campaigns combined with improved infrastructure for responsible pet ownership | [8] Additionally, community-based incentives can foster a culture of accountability beyond mere penalization	ADU1=[1]: The fines for leaving dog waste on sidewalks should not be increased | ADU2=[2]: While higher penalties might deter some irresponsible pet owners | ADU3=[3]: they do not address the root causes of littering, such as lack of education or access to proper disposal facilities | ADU4=[4]: Critics argue that stricter financial consequences will lead to better compliance | ADU5=[5]: but this overlooks the fact that fear of punishment often results in temporary behavior change rather than long-term responsibility | ADU6=[6]: Furthermore, increasing fines could disproportionately affect low-income individuals who may struggle to pay them without facing legal repercussions | ADU7=[7]: A more effective approach would involve public awareness campaigns combined with improved infrastructure for responsible pet ownership | ADU8=[8]: Additionally, community-based incentives can foster a culture of accountability beyond mere penalization	S2 split: While. S3 split: ,but. No restatement.	The fines for leaving dog waste on sidewalks should not be increased. While higher penalties might deter some irresponsible pet owners, they do not address the root causes of littering, such as lack of education or access to proper disposal facilities. Critics argue that stricter financial consequences will lead to better compliance, but this overlooks the fact that fear of punishment often results in temporary behavior change rather than long-term responsibility. Furthermore, increasing fines could disproportionately affect low-income individuals who may struggle to pay them without facing legal repercussions. A more effective approach would involve public awareness campaigns combined with improved infrastructure for responsible pet ownership. Additionally, community-based incentives can foster a culture of accountability beyond mere penalization.	none	keep	1	e1:a1, e2:a2, e3:a3, e4:a4, e5:a5, e6:a6, e7:a7, e8:a8
22	Should the fine for leaving dog excrements on sideways be increased?	for	for	MATCH	yes	yes	6	6	6	no	S6 describes mechanism, not restatement	[1] The fine for leaving dog excrement on sidewalks should be increased to encourage responsible pet ownership | [2] Higher fines can serve as a stronger deterrent against littering, promoting cleaner public spaces | [3] Critics argue that increasing penalties may disproportionately affect low-income individuals who cannot afford higher costs | [4] However, this concern is mitigated by implementing targeted education programs alongside financial incentives | [5] Additionally, stricter enforcement ensures accountability without placing undue burden on vulnerable populations | [6] A well-structured system with graduated consequences could further enhance compliance and community engagement	ADU1=[1]: The fine for leaving dog excrement on sidewalks should be increased to encourage responsible pet ownership | ADU2=[2]: Higher fines can serve as a stronger deterrent against littering, promoting cleaner public spaces | ADU3=[3]: Critics argue that increasing penalties may disproportionately affect low-income individuals who cannot afford higher costs | ADU4=[4]: However, this concern is mitigated by implementing targeted education programs alongside financial incentives | ADU5=[5]: Additionally, stricter enforcement ensures accountability without placing undue burden on vulnerable populations | ADU6=[6]: A well-structured system with graduated consequences could further enhance compliance and community engagement	1:1 sentence-to-EDU. No restatement.	The fine for leaving dog excrement on sidewalks should be increased to encourage responsible pet ownership. Higher fines can serve as a stronger deterrent against littering, promoting cleaner public spaces. Critics argue that increasing penalties may disproportionately affect low-income individuals who cannot afford higher costs. However, this concern is mitigated by implementing targeted education programs alongside financial incentives. Additionally, stricter enforcement ensures accountability without placing undue burden on vulnerable populations. A well-structured system with graduated consequences could further enhance compliance and community engagement.	none	keep	1	e1:a1, e2:a2, e3:a3, e4:a4, e5:a5, e6:a6
23	Should the fine for leaving dog excrements on sideways be increased?	against	against	MATCH	yes	yes	6	8	8	no	S6 summarises alternative approach, not the claim	[1] The fines for leaving dog waste on sidewalks should not be increased | [2] While higher penalties might deter some pet owners | [3] they do little to address the root causes of irresponsible behavior | [4] Opponents argue that stricter enforcement could lead to greater compliance | [5] but this overlooks the fact that many individuals lack access to proper disposal facilities | [6] Additionally, punitive measures often fail to educate people about responsible pet ownership | [7] A more effective approach would focus on public education and improved infrastructure to support clean-up efforts | [8] Ultimately, fostering community awareness is essential for long-term behavioral change	ADU1=[1]: The fines for leaving dog waste on sidewalks should not be increased | ADU2=[2]: While higher penalties might deter some pet owners | ADU3=[3]: they do little to address the root causes of irresponsible behavior | ADU4=[4]: Opponents argue that stricter enforcement could lead to greater compliance | ADU5=[5]: but this overlooks the fact that many individuals lack access to proper disposal facilities | ADU6=[6]: Additionally, punitive measures often fail to educate people about responsible pet ownership | ADU7=[7]: A more effective approach would focus on public education and improved infrastructure to support clean-up efforts | ADU8=[8]: Ultimately, fostering community awareness is essential for long-term behavioral change	S2 split: While. S3 split: ,but. No restatement: S6 summarises alternative.	The fines for leaving dog waste on sidewalks should not be increased. While higher penalties might deter some pet owners, they do little to address the root causes of irresponsible behavior. Opponents argue that stricter enforcement could lead to greater compliance, but this overlooks the fact that many individuals lack access to proper disposal facilities. Additionally, punitive measures often fail to educate people about responsible pet ownership. A more effective approach would focus on public education and improved infrastructure to support clean-up efforts. Ultimately, fostering community awareness is essential for long-term behavioral change.	none	keep	1	e1:a1, e2:a2, e3:a3, e4:a4, e5:a5, e6:a6, e7:a7, e8:a8
24	Should only those viewers pay a TV licence fee who actually want to watch programs offered by public broadcasters?	for	for	MATCH	yes	yes	6	6	5	yes	"[6]=[1]: ""voluntary payment models"" = ""only those viewers who wish...should pay"""	[1] Only those viewers who wish to access content from public broadcasters should be required to pay a television license fee | [2] Public broadcasting relies on funding to produce high-quality, educational, and culturally significant programming that benefits society as a whole | [3] However, requiring all households to pay regardless of their viewing habits may deter some people from accessing these services due to cost concerns | [4] Critics argue that compulsory fees ensure equitable support for public media, even if some individuals do not use the service | [5] This perspective overlooks the fact that non-payers still benefit indirectly from publicly funded content through shared cultural resources | [6] Ultimately, voluntary payment models could better align financial responsibility with actual consumption and encourage greater engagement with public broadcasting	ADU1=[1]=[6]: Only those viewers who wish to access content from public broadcasters should be required to pay a television license fee (restatement merged) | ADU2=[2]: Public broadcasting relies on funding to produce high-quality, educational, and culturally significant programming that benefits society as a whole | ADU3=[3]: However, requiring all households to pay regardless of their viewing habits may deter some people from accessing these services due to cost concerns | ADU4=[4]: Critics argue that compulsory fees ensure equitable support for public media, even if some individuals do not use the service | ADU5=[5]: This perspective overlooks the fact that non-payers still benefit indirectly from publicly funded content through shared cultural resources	1:1 sentence-to-EDU. Restatement: voluntary payment = only willing viewers.	Only those viewers who wish to access content from public broadcasters should be required to pay a television license fee. Public broadcasting relies on funding to produce high-quality, educational, and culturally significant programming that benefits society as a whole. However, requiring all households to pay regardless of their viewing habits may deter some people from accessing these services due to cost concerns. Critics argue that compulsory fees ensure equitable support for public media, even if some individuals do not use the service. This perspective overlooks the fact that non-payers still benefit indirectly from publicly funded content through shared cultural resources. Ultimately, voluntary payment models could better align financial responsibility with actual consumption and encourage greater engagement with public broadcasting.	none	keep	1	e1:a1, e2:a2, e3:a3, e4:a4, e5:a5, e6:a1
25	Should only those viewers pay a TV licence fee who actually want to watch programs offered by public broadcasters?	against	against	MATCH	yes	yes	6	6	5	yes	"[6]=[1]: ""ensuring equitable access"" = against voluntary-only"	[1] The requirement that only willing viewers pay for public broadcasting services is misguided | [2] Public broadcasters provide essential cultural, educational, and informational content that benefits society broadly, regardless of individual viewing habits | [3] Critics argue that forcing non-viewers to subsidize programming they do not consume violates personal choice | [4] However, this perspective overlooks the societal value of free-to-air services, which foster inclusivity and democratic engagement | [5] Additionally, funding through alternative means often leads to under-resourced media environments | [6] Ultimately, ensuring equitable access to quality information strengthens civic participation and national cohesion	ADU1=[1]=[6]: The requirement that only willing viewers pay for public broadcasting services is misguided (restatement merged) | ADU2=[2]: Public broadcasters provide essential cultural, educational, and informational content that benefits society broadly, regardless of individual viewing habits | ADU3=[3]: Critics argue that forcing non-viewers to subsidize programming they do not consume violates personal choice | ADU4=[4]: However, this perspective overlooks the societal value of free-to-air services, which foster inclusivity and democratic engagement | ADU5=[5]: Additionally, funding through alternative means often leads to under-resourced media environments	1:1 sentence-to-EDU. S4: non-restrictive ,which kept (elaborates societal value). Restatement.	The requirement that only willing viewers pay for public broadcasting services is misguided. Public broadcasters provide essential cultural, educational, and informational content that benefits society broadly, regardless of individual viewing habits. Critics argue that forcing non-viewers to subsidize programming they do not consume violates personal choice. However, this perspective overlooks the societal value of free-to-air services, which foster inclusivity and democratic engagement. Additionally, funding through alternative means often leads to under-resourced media environments. Ultimately, ensuring equitable access to quality information strengthens civic participation and national cohesion.	none	keep	1	e1:a1, e2:a2, e3:a3, e4:a4, e5:a5, e6:a1
26	Should only those viewers pay a TV licence fee who actually want to watch programs offered by public broadcasters?	for	for	MATCH	yes	yes	6	7	6	yes	"[6]=[2]: ""mandating payment based on viewing habits"" = ""charging only those who actively engage"""	[1] Public broadcast services play a crucial role in providing unbiased information and cultural content | [2] which justifies charging only those who actively engage with these offerings | [3] This approach ensures funds are directed toward audiences who value the unique contributions of public media, promoting efficient resource allocation | [4] Critics argue that requiring proof of intent undermines equal access and may exclude marginalized groups | [5] However, digital platforms can offer flexible verification methods that respect privacy without compromising accountability | [6] Ultimately, mandating payment based on viewing habits fosters transparency and strengthens the democratic function of public broadcasting | [7] Additionally, this model encourages greater responsibility among users by aligning financial support with actual consumption	ADU1=[1]: Public broadcast services play a crucial role in providing unbiased information and cultural content | ADU2=[2]=[6]: which justifies charging only those who actively engage with these offerings (restatement merged) | ADU3=[3]: This approach ensures funds are directed toward audiences who value the unique contributions of public media, promoting efficient resource allocation | ADU4=[4]: Critics argue that requiring proof of intent undermines equal access and may exclude marginalized groups | ADU5=[5]: However, digital platforms can offer flexible verification methods that respect privacy without compromising accountability | ADU6=[7]: Additionally, this model encourages greater responsibility among users by aligning financial support with actual consumption	S1 split: non-restrictive ,which (central claim in [2]). Restatement [6]=[2]. Unusual: main claim in relative clause.	Public broadcast services play a crucial role in providing unbiased information and cultural content, which justifies charging only those who actively engage with these offerings. This approach ensures funds are directed toward audiences who value the unique contributions of public media, promoting efficient resource allocation. Critics argue that requiring proof of intent undermines equal access and may exclude marginalized groups. However, digital platforms can offer flexible verification methods that respect privacy without compromising accountability. Ultimately, mandating payment based on viewing habits fosters transparency and strengthens the democratic function of public broadcasting. Additionally, this model encourages greater responsibility among users by aligning financial support with actual consumption.	none	keep	2	e1:a1, e2:a2, e3:a3, e4:a4, e5:a5, e6:a2, e7:a6
27	Should only those viewers pay a TV licence fee who actually want to watch programs offered by public broadcasters?	against	against	MATCH	yes	no	5	6	5	yes	"[6]=[1]: ""mandating payments"" = against voluntary-only"	[1] The requirement that only willing viewers pay for public broadcasting undermines the principle of universal access to information | [2] Public broadcasters provide essential services such as news, educational content, and cultural programming that benefit society as a whole | [3] Critics argue that voluntary payment ensures fair use | [4] but this overlooks the role of taxation in fundingpublic services which is accessible to all citizens regardless of individual preference | [5] A compulsory license ensures equitable distribution of resources and maintains the integrity of public service media | [6] Ultimately, mandating payments reflects a commitment to shared civic responsibility over selective consumption	ADU1=[1]=[6]: The requirement that only willing viewers pay for public broadcasting undermines the principle of universal access to information (restatement merged) | ADU2=[2]: Public broadcasters provide essential services such as news, educational content, and cultural programming that benefit society as a whole | ADU3=[3]: Critics argue that voluntary payment ensures fair use | ADU4=[4]: but this overlooks the role of taxation in fundingpublic services which is accessible to all citizens regardless of individual preference | ADU5=[5]: A compulsory license ensures equitable distribution of resources and maintains the integrity of public service media	5 sentences. S3 split: ,but. UNICODE: CJK chars in S3. Restatement.	The requirement that only willing viewers pay for public broadcasting undermines the principle of universal access to information. Public broadcasters provide essential services such as news, educational content, and cultural programming that benefit society as a whole. Critics argue that voluntary payment ensures fair use, but this overlooks the role of taxation in funding public services which is accessible to all citizens regardless of individual preference. A compulsory license ensures equitable distribution of resources and maintains the integrity of public service media. Ultimately, mandating payments reflects a commitment to shared civic responsibility over selective consumption.	none	"keep -> encoding fixed:  replaced with ""public services"""	1	e1:a1, e2:a2, e3:a3, e4:a4, e5:a5, e6:a1
28	Should only those viewers pay a TV licence fee who actually want to watch programs offered by public broadcasters?	for	for	MATCH	yes	yes	6	8	7	yes	"[7]=[1]: ""voluntary payment models"" = ""only those who wish...should pay"""	[1] Only those viewers who wish to access content from public broadcasters should be required to pay a television licence fee | [2] Public broadcasting relies on funding to produce high-quality, educational, and culturally significant programming | [3] which is often unavailable through commercial channels | [4] Charging a licence fee regardless of viewing habits creates a burden on individuals who do not benefit from these services | [5] Opponents argue that mandatory fees ensure equitable support for public media | [6] but this approach fails to respect individual choice and may discourage engagement with publicly funded content | [7] Instead, voluntary payment models could better align financial contributions with personal consumption, fostering greater accountability and relevance | [8] A fair system would also allow for targeted subsidies based on actual demand, ensuring resources reach audiences most likely to appreciate them	ADU1=[1]=[7]: Only those viewers who wish to access content from public broadcasters should be required to pay a television licence fee (restatement merged) | ADU2=[2]: Public broadcasting relies on funding to produce high-quality, educational, and culturally significant programming | ADU3=[3]: which is often unavailable through commercial channels | ADU4=[4]: Charging a licence fee regardless of viewing habits creates a burden on individuals who do not benefit from these services | ADU5=[5]: Opponents argue that mandatory fees ensure equitable support for public media | ADU6=[6]: but this approach fails to respect individual choice and may discourage engagement with publicly funded content | ADU7=[8]: A fair system would also allow for targeted subsidies based on actual demand, ensuring resources reach audiences most likely to appreciate them	S2 split: non-restrictive ,which. S4 split: ,but. Restatement [7]=[1].	Only those viewers who wish to access content from public broadcasters should be required to pay a television licence fee. Public broadcasting relies on funding to produce high-quality, educational, and culturally significant programming, which is often unavailable through commercial channels. Charging a licence fee regardless of viewing habits creates a burden on individuals who do not benefit from these services. Opponents argue that mandatory fees ensure equitable support for public media, but this approach fails to respect individual choice and may discourage engagement with publicly funded content. Instead, voluntary payment models could better align financial contributions with personal consumption, fostering greater accountability and relevance. A fair system would also allow for targeted subsidies based on actual demand, ensuring resources reach audiences most likely to appreciate them.	none	keep	1	e1:a1, e2:a2, e3:a3, e4:a4, e5:a5, e6:a6, e7:a1, e8:a7
29	Should only those viewers pay a TV licence fee who actually want to watch programs offered by public broadcasters?	against	against	MATCH	yes	yes	6	7	6	yes	"[7]=[1]: ""compulsory licensing"" = ""should not be restricted"""	[1] The television license fee should not be restricted to viewers who wish to access public broadcaster content | [2] Public broadcasting plays a crucial role in providing diverse, high-quality programming that supports cultural development and democratic discourse | [3] Opponents argue that charging non-viewers is unfair | [4] but this overlooks the broader societal benefits funded by these fees | [5] A universal fee ensures equitable support for services that benefit all citizens, regardless of personal viewing habits | [6] Furthermore, voluntary payment models often lead to underfunding, compromising service quality and accessibility | [7] Compulsory licensing guarantees consistent financial backing essential for maintaining public media's independence and reach	ADU1=[1]=[7]: The television license fee should not be restricted to viewers who wish to access public broadcaster content (restatement merged) | ADU2=[2]: Public broadcasting plays a crucial role in providing diverse, high-quality programming that supports cultural development and democratic discourse | ADU3=[3]: Opponents argue that charging non-viewers is unfair | ADU4=[4]: but this overlooks the broader societal benefits funded by these fees | ADU5=[5]: A universal fee ensures equitable support for services that benefit all citizens, regardless of personal viewing habits | ADU6=[6]: Furthermore, voluntary payment models often lead to underfunding, compromising service quality and accessibility	S3 split: ,but. Restatement: compulsory licensing = not restricted.	The television license fee should not be restricted to viewers who wish to access public broadcaster content. Public broadcasting plays a crucial role in providing diverse, high-quality programming that supports cultural development and democratic discourse. Opponents argue that charging non-viewers is unfair, but this overlooks the broader societal benefits funded by these fees. A universal fee ensures equitable support for services that benefit all citizens, regardless of personal viewing habits. Furthermore, voluntary payment models often lead to underfunding, compromising service quality and accessibility. Compulsory licensing guarantees consistent financial backing essential for maintaining public media's independence and reach.	none	keep	1	e1:a1, e2:a2, e3:a3, e4:a4, e5:a5, e6:a6, e7:a1
30	Should only those viewers pay a TV licence fee who actually want to watch programs offered by public broadcasters?	for	for	MATCH	yes	yes	6	7	6	yes	"[6]=[1]: ""aligning payment with consumption"" = ""only pay if they intend to watch"""	[1] Viewers should only pay a TV licence fee if they intend to watch content from public broadcasters | [2] Public funding through fees ensures quality programming without commercial bias, fostering educational and cultural value | [3] Opponents argue that compulsory payments infringe on personal choice | [4] yet this overlooks the societal benefit of accessible media | [5] Licensing fees also support infrastructure and diverse content creation essential for informed citizenship | [6] By aligning payment with consumption, the system remains fairer and more transparent | [7] This approach encourages responsible use of public resources while maintaining accountability	ADU1=[1]=[6]: Viewers should only pay a TV licence fee if they intend to watch content from public broadcasters (restatement merged) | ADU2=[2]: Public funding through fees ensures quality programming without commercial bias, fostering educational and cultural value | ADU3=[3]: Opponents argue that compulsory payments infringe on personal choice | ADU4=[4]: yet this overlooks the societal benefit of accessible media | ADU5=[5]: Licensing fees also support infrastructure and diverse content creation essential for informed citizenship | ADU6=[7]: This approach encourages responsible use of public resources while maintaining accountability	S3 split: ,yet. S6 while=simultaneous, not concessive. Restatement: aligning payment=only pay if intend.	Viewers should only pay a TV licence fee if they intend to watch content from public broadcasters. Public funding through fees ensures quality programming without commercial bias, fostering educational and cultural value. Opponents argue that compulsory payments infringe on personal choice, yet this overlooks the societal benefit of accessible media. Licensing fees also support infrastructure and diverse content creation essential for informed citizenship. By aligning payment with consumption, the system remains fairer and more transparent. This approach encourages responsible use of public resources while maintaining accountability.	none	keep	1	e1:a1, e2:a2, e3:a3, e4:a4, e5:a5, e6:a1, e7:a6
31	Should only those viewers pay a TV licence fee who actually want to watch programs offered by public broadcasters?	against	against	MATCH	yes	yes	6	8	7	yes	"[8]=[1]: ""support from the entire community, not just those with immediate viewing intent"" = against voluntary-only"	[1] The requirement that only willing viewers pay for public broadcasting is misguided | [2] because it undermines the principle of equitable access to information | [3] Public broadcasters serve essential roles in providing news, education, and cultural content that benefit society broadly, regardless of individual interest | [4] Opponents argue that forcing payment on unwilling users violates consumer choice | [5] but this ignores the collective value of publicly funded media | [6] A subscription model could exclude marginalized groups unable to afford private alternatives, thereby exacerbating inequality | [7] Additionally, funding through general taxation ensures broader representation of societal interests beyond mere viewer preferences | [8] Ultimately, sustaining high-quality public programming requires support from the entire community, not just those with immediate viewing intent	ADU1=[1]=[8]: The requirement that only willing viewers pay for public broadcasting is misguided (restatement merged) | ADU2=[2]: because it undermines the principle of equitable access to information | ADU3=[3]: Public broadcasters serve essential roles in providing news, education, and cultural content that benefit society broadly, regardless of individual interest | ADU4=[4]: Opponents argue that forcing payment on unwilling users violates consumer choice | ADU5=[5]: but this ignores the collective value of publicly funded media | ADU6=[6]: A subscription model could exclude marginalized groups unable to afford private alternatives, thereby exacerbating inequality | ADU7=[7]: Additionally, funding through general taxation ensures broader representation of societal interests beyond mere viewer preferences	S1 split: because. S3 split: ,but. S4 thereby kept (same point). Restatement.	The requirement that only willing viewers pay for public broadcasting is misguided because it undermines the principle of equitable access to information. Public broadcasters serve essential roles in providing news, education, and cultural content that benefit society broadly, regardless of individual interest. Opponents argue that forcing payment on unwilling users violates consumer choice, but this ignores the collective value of publicly funded media. A subscription model could exclude marginalized groups unable to afford private alternatives, thereby exacerbating inequality. Additionally, funding through general taxation ensures broader representation of societal interests beyond mere viewer preferences. Ultimately, sustaining high-quality public programming requires support from the entire community, not just those with immediate viewing intent.	none	keep	1	e1:a1, e2:a2, e3:a3, e4:a4, e5:a5, e6:a6, e7:a7, e8:a1
32	Should the morning-after pill be sold over the counter at the pharmacy?	for	for	MATCH	yes	yes	6	8	7	yes	"[8]=[1]: ""Expanding access"" = ""sold over the counter"""	[1] The morning-after pill should be sold over the counter at pharmacies | [2] because easy access can significantly reduce unintended pregnancies and improve public health outcomes | [3] Over-the-counter availability would ensure timely use | [4] which is most effective within 72 hours of unprotected sex | [5] Critics argue that selling the medication without a prescription could lead to misuse or inappropriate use among minors | [6] However, age verification systems and educational campaigns can mitigate these risks and promote responsible usage | [7] Additionally, making the drug more accessible aligns with broader efforts to enhance reproductive healthcare equity and autonomy | [8] Expanding access also supports preventive care models that prioritize individual choice and informed decision-making	ADU1=[1]=[8]: The morning-after pill should be sold over the counter at pharmacies (restatement merged) | ADU2=[2]: because easy access can significantly reduce unintended pregnancies and improve public health outcomes | ADU3=[3]: Over-the-counter availability would ensure timely use | ADU4=[4]: which is most effective within 72 hours of unprotected sex | ADU5=[5]: Critics argue that selling the medication without a prescription could lead to misuse or inappropriate use among minors | ADU6=[6]: However, age verification systems and educational campaigns can mitigate these risks and promote responsible usage | ADU7=[7]: Additionally, making the drug more accessible aligns with broader efforts to enhance reproductive healthcare equity and autonomy	S1 split: because. S2 split: non-restrictive ,which. Restatement: expanding access = sold OTC.	The morning-after pill should be sold over the counter at pharmacies because easy access can significantly reduce unintended pregnancies and improve public health outcomes. Over-the-counter availability would ensure timely use, which is most effective within 72 hours of unprotected sex. Critics argue that selling the medication without a prescription could lead to misuse or inappropriate use among minors. However, age verification systems and educational campaigns can mitigate these risks and promote responsible usage. Additionally, making the drug more accessible aligns with broader efforts to enhance reproductive healthcare equity and autonomy. Expanding access also supports preventive care models that prioritize individual choice and informed decision-making.	none	keep	1	e1:a1, e2:a2, e3:a3, e4:a4, e5:a5, e6:a6, e7:a7, e8:a1
33	Should the morning-after pill be sold over the counter at the pharmacy?	against	against	MATCH	yes	yes	6	7	6	yes	"[7]=[1]: ""responsible distribution requires balancing accessibility with accountability"" = ""not sold OTC without restrictions"""	[1] The morning-after pill should not be sold over the counter without restrictions | [2] Access to emergency contraception should require medical guidance to ensure proper use and minimize health risks | [3] Opponents argue that easy access improves sexual autonomy and reduces unintended pregnancies | [4] but this overlooks potential misuse and lack of informed decision-making | [5] Over-the-counter availability may lead to improper dosing or delayed care for more serious conditions | [6] Additionally, pharmacists could face ethical dilemmas when dispensing medication with significant side effects | [7] Ensuring responsible distribution requires balancing accessibility with accountability	ADU1=[1]=[7]: The morning-after pill should not be sold over the counter without restrictions (restatement merged) | ADU2=[2]: Access to emergency contraception should require medical guidance to ensure proper use and minimize health risks | ADU3=[3]: Opponents argue that easy access improves sexual autonomy and reduces unintended pregnancies | ADU4=[4]: but this overlooks potential misuse and lack of informed decision-making | ADU5=[5]: Over-the-counter availability may lead to improper dosing or delayed care for more serious conditions | ADU6=[6]: Additionally, pharmacists could face ethical dilemmas when dispensing medication with significant side effects	S3 split: ,but. S5 when=temporal, kept. Restatement.	The morning-after pill should not be sold over the counter without restrictions. Access to emergency contraception should require medical guidance to ensure proper use and minimize health risks. Opponents argue that easy access improves sexual autonomy and reduces unintended pregnancies, but this overlooks potential misuse and lack of informed decision-making. Over-the-counter availability may lead to improper dosing or delayed care for more serious conditions. Additionally, pharmacists could face ethical dilemmas when dispensing medication with significant side effects. Ensuring responsible distribution requires balancing accessibility with accountability.	none	keep	1	e1:a1, e2:a2, e3:a3, e4:a4, e5:a5, e6:a6, e7:a1
34	Should the morning-after pill be sold over the counter at the pharmacy?	for	for	MATCH	yes	yes	6	8	7	yes	"[8]=[1]: ""Expanding access"" = ""sold over the counter"""	[1] The morning-after pill should be sold over the counter at the pharmacy | [2] because easy access can significantly reduce unintended pregnancies and improve public health outcomes | [3] Over-the-counter availability ensures timely use | [4] which is most effective when taken within hours of unprotected sex | [5] Critics argue that selling the medication without a prescription might lead to misuse or inappropriate use among minors | [6] However, age verification processes and education campaigns can mitigate these risks and ensure responsible usage | [7] Additionally, making the drug more accessible aligns with broader efforts to promote reproductive autonomy and gender equality | [8] Expanding access also supports healthcare equity by reducing financial and logistical barriers for those who need emergency contraception	ADU1=[1]=[8]: The morning-after pill should be sold over the counter at the pharmacy (restatement merged) | ADU2=[2]: because easy access can significantly reduce unintended pregnancies and improve public health outcomes | ADU3=[3]: Over-the-counter availability ensures timely use | ADU4=[4]: which is most effective when taken within hours of unprotected sex | ADU5=[5]: Critics argue that selling the medication without a prescription might lead to misuse or inappropriate use among minors | ADU6=[6]: However, age verification processes and education campaigns can mitigate these risks and ensure responsible usage | ADU7=[7]: Additionally, making the drug more accessible aligns with broader efforts to promote reproductive autonomy and gender equality	S1 split: because. S2 split: non-restrictive ,which. Nearly identical to Text 32. Restatement.	The morning-after pill should be sold over the counter at the pharmacy because easy access can significantly reduce unintended pregnancies and improve public health outcomes. Over-the-counter availability ensures timely use, which is most effective when taken within hours of unprotected sex. Critics argue that selling the medication without a prescription might lead to misuse or inappropriate use among minors. However, age verification processes and education campaigns can mitigate these risks and ensure responsible usage. Additionally, making the drug more accessible aligns with broader efforts to promote reproductive autonomy and gender equality. Expanding access also supports healthcare equity by reducing financial and logistical barriers for those who need emergency contraception.	none	keep	1	e1:a1, e2:a2, e3:a3, e4:a4, e5:a5, e6:a6, e7:a7, e8:a1
35	Should the morning-after pill be sold over the counter at the pharmacy?	against	against	MATCH	yes	yes	6	6	5	yes	"[6]=[1]: ""Regulatory oversight is necessary"" = ""not sold without prescription"""	[1] The morning-after pill should not be sold over the counter without prescription | [2] Over-the-counter access could lead to misuse and reduced effectiveness if taken incorrectly | [3] Critics argue that easy access improves reproductive health outcomes by increasing availability | [4] However, this overlooks the potential for improper use and lack of medical guidance | [5] Access requires education alongside distribution to ensure safe usage | [6] Regulatory oversight is necessary to prevent harm and promote informed decision-making	ADU1=[1]=[6]: The morning-after pill should not be sold over the counter without prescription (restatement merged) | ADU2=[2]: Over-the-counter access could lead to misuse and reduced effectiveness if taken incorrectly | ADU3=[3]: Critics argue that easy access improves reproductive health outcomes by increasing availability | ADU4=[4]: However, this overlooks the potential for improper use and lack of medical guidance | ADU5=[5]: Access requires education alongside distribution to ensure safe usage	1:1 sentence-to-EDU. S2 if=conditional, kept. Restatement: regulatory oversight = not without prescription.	The morning-after pill should not be sold over the counter without prescription. Over-the-counter access could lead to misuse and reduced effectiveness if taken incorrectly. Critics argue that easy access improves reproductive health outcomes by increasing availability. However, this overlooks the potential for improper use and lack of medical guidance. Access requires education alongside distribution to ensure safe usage. Regulatory oversight is necessary to prevent harm and promote informed decision-making.	none	keep	1	e1:a1, e2:a2, e3:a3, e4:a4, e5:a5, e6:a1
36	Should the morning-after pill be sold over the counter at the pharmacy?	for	for	MATCH	yes	yes	7	8	7	yes	"[8]=[1]: ""Expanding access"" = ""available over the counter"""	[1] The morning-after pill should be available over the counter without prescription | [2] Access to emergency contraception is critical for preventing unintended pregnancies, especially when healthcare services are limited or delayed | [3] Over-the-counter availability ensures timely access | [4] which can significantly reduce pregnancy rates and related health risks | [5] Critics argue that removing restrictions could lead to misuse or inappropriate use of the medication | [6] However, evidence shows that contraceptive pills like the morning-after pill are generally safe when used as directed, even with self-administration | [7] Furthermore, making these medications more accessible aligns with public health goals of improving reproductive autonomy and reducing maternal mortality | [8] Expanding access also supports equitable healthcare delivery by removing unnecessary barriers for individuals who may face stigma or logistical challenges in obtaining prescriptions	ADU1=[1]=[8]: The morning-after pill should be available over the counter without prescription (restatement merged) | ADU2=[2]: Access to emergency contraception is critical for preventing unintended pregnancies, especially when healthcare services are limited or delayed | ADU3=[3]: Over-the-counter availability ensures timely access | ADU4=[4]: which can significantly reduce pregnancy rates and related health risks | ADU5=[5]: Critics argue that removing restrictions could lead to misuse or inappropriate use of the medication | ADU6=[6]: However, evidence shows that contraceptive pills like the morning-after pill are generally safe when used as directed, even with self-administration | ADU7=[7]: Furthermore, making these medications more accessible aligns with public health goals of improving reproductive autonomy and reducing maternal mortality	7 sentences. S3 split: non-restrictive ,which. Restatement: expanding access = OTC.	The morning-after pill should be available over the counter without prescription. Access to emergency contraception is critical for preventing unintended pregnancies, especially when healthcare services are limited or delayed. Over-the-counter availability ensures timely access, which can significantly reduce pregnancy rates and related health risks. Critics argue that removing restrictions could lead to misuse or inappropriate use of the medication. However, evidence shows that contraceptive pills like the morning-after pill are generally safe when used as directed, even with self-administration. Furthermore, making these medications more accessible aligns with public health goals of improving reproductive autonomy and reducing maternal mortality. Expanding access also supports equitable healthcare delivery by removing unnecessary barriers for individuals who may face stigma or logistical challenges in obtaining prescriptions.	none	keep	1	e1:a1, e2:a2, e3:a3, e4:a4, e5:a5, e6:a6, e7:a7, e8:a1
37	Should the morning-after pill be sold over the counter at the pharmacy?	against	against	MATCH	yes	yes	6	6	5	yes	"[6]=[1]: ""Proper medical guidance is essential"" = ""not sold without prescription"""	[1] The morning-after pill should not be sold over the counter without prescription | [2] Over-the-counter access could lead to misuse and improper use, especially among adolescents who may lack full understanding of contraceptive risks | [3] Opponents argue that easy access improves emergency contraception availability and reduces health complications | [4] However, this overlooks the potential for increased sexual risk-taking if individuals perceive the method as easily obtainable | [5] Additionally, selling it without regulation removes oversight necessary for ensuring safe usage and appropriate counseling | [6] Proper medical guidance is essential to address both the physical and ethical dimensions of reproductive healthcare	ADU1=[1]=[6]: The morning-after pill should not be sold over the counter without prescription (restatement merged) | ADU2=[2]: Over-the-counter access could lead to misuse and improper use, especially among adolescents who may lack full understanding of contraceptive risks | ADU3=[3]: Opponents argue that easy access improves emergency contraception availability and reduces health complications | ADU4=[4]: However, this overlooks the potential for increased sexual risk-taking if individuals perceive the method as easily obtainable | ADU5=[5]: Additionally, selling it without regulation removes oversight necessary for ensuring safe usage and appropriate counseling	1:1 sentence-to-EDU. S4 if=conditional, kept. Restatement: medical guidance = not without prescription.	The morning-after pill should not be sold over the counter without prescription. Over-the-counter access could lead to misuse and improper use, especially among adolescents who may lack full understanding of contraceptive risks. Opponents argue that easy access improves emergency contraception availability and reduces health complications. However, this overlooks the potential for increased sexual risk-taking if individuals perceive the method as easily obtainable. Additionally, selling it without regulation removes oversight necessary for ensuring safe usage and appropriate counseling. Proper medical guidance is essential to address both the physical and ethical dimensions of reproductive healthcare.	none	keep	1	e1:a1, e2:a2, e3:a3, e4:a4, e5:a5, e6:a1
38	Should the morning-after pill be sold over the counter at the pharmacy?	for	for	MATCH	yes	yes	6	6	6	no	S6 describes pharmacy role, not restatement	[1] The morning-after pill should be sold over the counter at pharmacies to improve access to emergency contraception | [2] Over-the-counter availability would reduce barriers such as cost, time, and stigma, enabling quicker action when needed | [3] Critics argue that unrestricted access may lead to misuse or inappropriate use among minors | [4] However, age verification measures can ensure responsible usage without compromising accessibility | [5] Additionally, making the medication available without a prescription aligns with public health goals of promoting reproductive autonomy | [6] Pharmacies can also provide essential counseling and support alongside dispensing the drug	ADU1=[1]: The morning-after pill should be sold over the counter at pharmacies to improve access to emergency contraception | ADU2=[2]: Over-the-counter availability would reduce barriers such as cost, time, and stigma, enabling quicker action when needed | ADU3=[3]: Critics argue that unrestricted access may lead to misuse or inappropriate use among minors | ADU4=[4]: However, age verification measures can ensure responsible usage without compromising accessibility | ADU5=[5]: Additionally, making the medication available without a prescription aligns with public health goals of promoting reproductive autonomy | ADU6=[6]: Pharmacies can also provide essential counseling and support alongside dispensing the drug	1:1 sentence-to-EDU. No restatement: S6 is supplementary support.	The morning-after pill should be sold over the counter at pharmacies to improve access to emergency contraception. Over-the-counter availability would reduce barriers such as cost, time, and stigma, enabling quicker action when needed. Critics argue that unrestricted access may lead to misuse or inappropriate use among minors. However, age verification measures can ensure responsible usage without compromising accessibility. Additionally, making the medication available without a prescription aligns with public health goals of promoting reproductive autonomy. Pharmacies can also provide essential counseling and support alongside dispensing the drug.	none	keep	1	e1:a1, e2:a2, e3:a3, e4:a4, e5:a5, e6:a6
39	Should the morning-after pill be sold over the counter at the pharmacy?	against	against	MATCH	yes	yes	6	8	7	yes	"[8]=[1]: ""Regulatory oversight remains essential"" = ""not sold without prescription"""	[1] The morning-after pill should not be sold over the counter without prescription | [2] Over-the-counter access could lead to misuse, particularly among adolescents who may lack understanding of proper usage and potential side effects | [3] Critics argue that easy access improves emergency contraception availability | [4] but this overlooks the risk of inappropriate use and delayed medical consultation | [5] While accessibility is important | [6] ensuring informed decision-making requires professional guidance | [7] Additionally, pharmacies can provide counseling and accurate information when dispensing medication under supervision | [8] Regulatory oversight remains essential to balance public health needs with responsible drug distribution	ADU1=[1]=[8]: The morning-after pill should not be sold over the counter without prescription (restatement merged) | ADU2=[2]: Over-the-counter access could lead to misuse, particularly among adolescents who may lack understanding of proper usage and potential side effects | ADU3=[3]: Critics argue that easy access improves emergency contraception availability | ADU4=[4]: but this overlooks the risk of inappropriate use and delayed medical consultation | ADU5=[5]: While accessibility is important | ADU6=[6]: ensuring informed decision-making requires professional guidance | ADU7=[7]: Additionally, pharmacies can provide counseling and accurate information when dispensing medication under supervision	S3 split: ,but. S4 split: While. S5 when=temporal, kept. Restatement: regulatory oversight = not without prescription.	The morning-after pill should not be sold over the counter without prescription. Over-the-counter access could lead to misuse, particularly among adolescents who may lack understanding of proper usage and potential side effects. Critics argue that easy access improves emergency contraception availability, but this overlooks the risk of inappropriate use and delayed medical consultation. While accessibility is important, ensuring informed decision-making requires professional guidance. Additionally, pharmacies can provide counseling and accurate information when dispensing medication under supervision. Regulatory oversight remains essential to balance public health needs with responsible drug distribution.	none	keep	1	e1:a1, e2:a2, e3:a3, e4:a4, e5:a5, e6:a6, e7:a7, e8:a1
40	Should all universities in Germany charge tuition fees?	for	against	MISMATCH	yes	yes	6	8	8	no	S5 and S6 are alternatives, not restatement	[1] Universities in Germany should not charge tuition fees | [2] because they ensure equal access to higher education regardless of students' financial backgrounds | [3] Tuition fees can disproportionately burden low-income families, limiting opportunities for social mobility | [4] Opponents argue that fee revenue could improve infrastructure and resources | [5] but this benefit is outweighed by the exclusionary effect on disadvantaged groups | [6] Additionally, public funding already supports many aspects of university operations, making fees unnecessary | [7] A more equitable model would prioritize accessibility over profit-driven policies, fostering broader societal benefits through educated citizenry | [8] Expanding scholarships and grants can provide targeted support without compromising educational equity	ADU1=[1]: Universities in Germany should not charge tuition fees | ADU2=[2]: because they ensure equal access to higher education regardless of students' financial backgrounds | ADU3=[3]: Tuition fees can disproportionately burden low-income families, limiting opportunities for social mobility | ADU4=[4]: Opponents argue that fee revenue could improve infrastructure and resources | ADU5=[5]: but this benefit is outweighed by the exclusionary effect on disadvantaged groups | ADU6=[6]: Additionally, public funding already supports many aspects of university operations, making fees unnecessary | ADU7=[7]: A more equitable model would prioritize accessibility over profit-driven policies, fostering broader societal benefits through educated citizenry | ADU8=[8]: Expanding scholarships and grants can provide targeted support without compromising educational equity	S1 split: because. S3 split: ,but. No restatement. MISMATCH: label=for, actual=against.	Universities in Germany should not charge tuition fees because they ensure equal access to higher education regardless of students' financial backgrounds. Tuition fees can disproportionately burden low-income families, limiting opportunities for social mobility. Opponents argue that fee revenue could improve infrastructure and resources, but this benefit is outweighed by the exclusionary effect on disadvantaged groups. Additionally, public funding already supports many aspects of university operations, making fees unnecessary. A more equitable model would prioritize accessibility over profit-driven policies, fostering broader societal benefits through educated citizenry. Expanding scholarships and grants can provide targeted support without compromising educational equity.	none	keep -> stance relabeled from for to against	1	e1:a1, e2:a2, e3:a3, e4:a4, e5:a5, e6:a6, e7:a7, e8:a8
41	Should all universities in Germany charge tuition fees?	against	against	MATCH	yes	yes	6	8	8	no	S6 is support about public investment benefits, not restatement	[1] Universities in Germany should not universally charge tuition fees | [2] because access to higher education is a fundamental public good | [3] Tuition fees can deter lower-income students from pursuing university studies, thereby reducing social mobility and equality | [4] Opponents argue that fees ensure financial sustainability for institutions | [5] but this overlooks the broader societal benefits of free education | [6] Charging fees may also lead to unequal educational opportunities based on economic status | [7] Additionally, many German states already fund universities through taxes, making further charges unjustifiable | [8] Public investment in education fosters long-term national development and innovation	ADU1=[1]: Universities in Germany should not universally charge tuition fees | ADU2=[2]: because access to higher education is a fundamental public good | ADU3=[3]: Tuition fees can deter lower-income students from pursuing university studies, thereby reducing social mobility and equality | ADU4=[4]: Opponents argue that fees ensure financial sustainability for institutions | ADU5=[5]: but this overlooks the broader societal benefits of free education | ADU6=[6]: Charging fees may also lead to unequal educational opportunities based on economic status | ADU7=[7]: Additionally, many German states already fund universities through taxes, making further charges unjustifiable | ADU8=[8]: Public investment in education fosters long-term national development and innovation	S1 split: because. S3 split: ,but. No restatement.	Universities in Germany should not universally charge tuition fees because access to higher education is a fundamental public good. Tuition fees can deter lower-income students from pursuing university studies, thereby reducing social mobility and equality. Opponents argue that fees ensure financial sustainability for institutions, but this overlooks the broader societal benefits of free education. Charging fees may also lead to unequal educational opportunities based on economic status. Additionally, many German states already fund universities through taxes, making further charges unjustifiable. Public investment in education fosters long-term national development and innovation.	none	keep	1	e1:a1, e2:a2, e3:a3, e4:a4, e5:a5, e6:a6, e7:a7, e8:a8
42	Should all universities in Germany charge tuition fees?	for	against	MISMATCH	yes	yes	5	7	7	no	S5 is support about competitiveness, not restatement	[1] Universities in Germany should not charge tuition fees | [2] as this would exacerbate educational inequality | [3] Tuition fees could deter students from lower-income backgrounds, limiting access to higher education and undermining social mobility | [4] Opponents argue that fees can fund better infrastructure and resources | [5] but this overlooks the broader societal benefits of free education, which fosters innovation and economic growth | [6] Additionally, many German states already subsidize public institutions, suggesting alternative ways to improve quality without increasing costs | [7] Finally, investing in accessible education strengthens national competitiveness by cultivating a skilled workforce	ADU1=[1]: Universities in Germany should not charge tuition fees | ADU2=[2]: as this would exacerbate educational inequality | ADU3=[3]: Tuition fees could deter students from lower-income backgrounds, limiting access to higher education and undermining social mobility | ADU4=[4]: Opponents argue that fees can fund better infrastructure and resources | ADU5=[5]: but this overlooks the broader societal benefits of free education, which fosters innovation and economic growth | ADU6=[6]: Additionally, many German states already subsidize public institutions, suggesting alternative ways to improve quality without increasing costs | ADU7=[7]: Finally, investing in accessible education strengthens national competitiveness by cultivating a skilled workforce	5 sentences. S1 split: as (causal). S3 split: ,but. ,which kept (elaborates benefits). MISMATCH.	Universities in Germany should not charge tuition fees as this would exacerbate educational inequality. Tuition fees could deter students from lower-income backgrounds, limiting access to higher education and undermining social mobility. Opponents argue that fees can fund better infrastructure and resources, but this overlooks the broader societal benefits of free education, which fosters innovation and economic growth. Additionally, many German states already subsidize public institutions, suggesting alternative ways to improve quality without increasing costs. Finally, investing in accessible education strengthens national competitiveness by cultivating a skilled workforce.	none	keep -> stance relabeled from for to against	1	e1:a1, e2:a2, e3:a3, e4:a4, e5:a5, e6:a6, e7:a7
43	Should all universities in Germany charge tuition fees?	against	against	MATCH	yes	yes	6	8	7	yes	"[8]=[1]: ""maintaining tuition-free education"" = ""should not charge"""	[1] Universities in Germany should not charge tuition fees | [2] because they ensure equitable access to higher education for students from diverse socioeconomic backgrounds | [3] Tuition fees can create financial barriers that disproportionately affect lower-income families, thereby limiting social mobility | [4] Opponents argue that fee revenue could improve infrastructure and resources | [5] but this overlooks the broader societal benefits of free education | [6] Free university access fosters innovation and economic growth by cultivating a well-educated workforce | [7] Additionally, public funding allows institutions to prioritize research and teaching over profit-driven objectives | [8] Ultimately, maintaining tuition-free education supports both individual opportunity and national development	ADU1=[1]=[8]: Universities in Germany should not charge tuition fees (restatement merged) | ADU2=[2]: because they ensure equitable access to higher education for students from diverse socioeconomic backgrounds | ADU3=[3]: Tuition fees can create financial barriers that disproportionately affect lower-income families, thereby limiting social mobility | ADU4=[4]: Opponents argue that fee revenue could improve infrastructure and resources | ADU5=[5]: but this overlooks the broader societal benefits of free education | ADU6=[6]: Free university access fosters innovation and economic growth by cultivating a well-educated workforce | ADU7=[7]: Additionally, public funding allows institutions to prioritize research and teaching over profit-driven objectives	S1 split: because. S3 split: ,but. Restatement: maintaining tuition-free = not charge.	Universities in Germany should not charge tuition fees because they ensure equitable access to higher education for students from diverse socioeconomic backgrounds. Tuition fees can create financial barriers that disproportionately affect lower-income families, thereby limiting social mobility. Opponents argue that fee revenue could improve infrastructure and resources, but this overlooks the broader societal benefits of free education. Free university access fosters innovation and economic growth by cultivating a well-educated workforce. Additionally, public funding allows institutions to prioritize research and teaching over profit-driven objectives. Ultimately, maintaining tuition-free education supports both individual opportunity and national development.	none	keep	1	e1:a1, e2:a2, e3:a3, e4:a4, e5:a5, e6:a6, e7:a7, e8:a1
44	Should all universities in Germany charge tuition fees?	for	against	MISMATCH	yes	yes	6	7	7	no	S6 is alternative proposal, not restatement	[1] Universities in Germany should not universally implement tuition fees | [2] because they disproportionately affect students from lower-income backgrounds | [3] Tuition fees can create financial barriers that limit access to higher education, thereby undermining social mobility | [4] Critics argue that charging fees would generate much-needed revenue for institutions facing budget constraints | [5] However, this perspective overlooks alternative funding mechanisms such as increased government support and private donations | [6] Moreover, investing in accessible education fosters long-term economic growth by cultivating a more skilled workforce | [7] Expanding scholarship programs could also ensure equity without compromising institutional finances	ADU1=[1]: Universities in Germany should not universally implement tuition fees | ADU2=[2]: because they disproportionately affect students from lower-income backgrounds | ADU3=[3]: Tuition fees can create financial barriers that limit access to higher education, thereby undermining social mobility | ADU4=[4]: Critics argue that charging fees would generate much-needed revenue for institutions facing budget constraints | ADU5=[5]: However, this perspective overlooks alternative funding mechanisms such as increased government support and private donations | ADU6=[6]: Moreover, investing in accessible education fosters long-term economic growth by cultivating a more skilled workforce | ADU7=[7]: Expanding scholarship programs could also ensure equity without compromising institutional finances	S1 split: because. No restatement. MISMATCH.	Universities in Germany should not universally implement tuition fees because they disproportionately affect students from lower-income backgrounds. Tuition fees can create financial barriers that limit access to higher education, thereby undermining social mobility. Critics argue that charging fees would generate much-needed revenue for institutions facing budget constraints. However, this perspective overlooks alternative funding mechanisms such as increased government support and private donations. Moreover, investing in accessible education fosters long-term economic growth by cultivating a more skilled workforce. Expanding scholarship programs could also ensure equity without compromising institutional finances.	none	keep -> stance relabeled from for to against	1	e1:a1, e2:a2, e3:a3, e4:a4, e5:a5, e6:a6, e7:a7
45	Should all universities in Germany charge tuition fees?	against	against	MATCH	yes	yes	6	7	6	yes	"[7]=[1]: ""well-funded public system ensures educational equity"" = ""should not charge"""	[1] Universities in Germany should not charge tuition fees | [2] because they play a crucial role in providing accessible higher education | [3] Tuition fees can deter students from lower-income backgrounds, thereby limiting social mobility and diversity within academia | [4] Opponents argue that fee revenue could help fund university infrastructure and research | [5] However, this overlooks the fact that public funding already supports these areas effectively | [6] Additionally, free access fosters innovation by encouraging broader participation in knowledge creation | [7] A well-funded public system ensures educational equity without compromising quality	ADU1=[1]=[7]: Universities in Germany should not charge tuition fees (restatement merged) | ADU2=[2]: because they play a crucial role in providing accessible higher education | ADU3=[3]: Tuition fees can deter students from lower-income backgrounds, thereby limiting social mobility and diversity within academia | ADU4=[4]: Opponents argue that fee revenue could help fund university infrastructure and research | ADU5=[5]: However, this overlooks the fact that public funding already supports these areas effectively | ADU6=[6]: Additionally, free access fosters innovation by encouraging broader participation in knowledge creation	S1 split: because. Restatement: public system = not charge fees.	Universities in Germany should not charge tuition fees because they play a crucial role in providing accessible higher education. Tuition fees can deter students from lower-income backgrounds, thereby limiting social mobility and diversity within academia. Opponents argue that fee revenue could help fund university infrastructure and research. However, this overlooks the fact that public funding already supports these areas effectively. Additionally, free access fosters innovation by encouraging broader participation in knowledge creation. A well-funded public system ensures educational equity without compromising quality.	none	keep	1	e1:a1, e2:a2, e3:a3, e4:a4, e5:a5, e6:a6, e7:a1
46	Should all universities in Germany charge tuition fees?	for	against	MISMATCH	yes	yes	6	7	6	yes	"[7]=[1]: ""subsidized education rather than market-driven costs"" = ""should not charge"""	[1] Universities in Germany should not charge tuition fees | [2] because they play a crucial role in providing accessible higher education | [3] Tuition fees could deter students from lower-income backgrounds, thereby limiting social mobility and diversity within academia | [4] Opponents argue that fee revenue would allow institutions to invest more in research and infrastructure | [5] However, this overlooks the fact that public funding already supports many essential university functions | [6] Additionally, tuition fees might create financial burdens that discourage talented students from pursuing degrees | [7] A fairer system relies on equitable access through subsidized education rather than market-driven costs	ADU1=[1]=[7]: Universities in Germany should not charge tuition fees (restatement merged) | ADU2=[2]: because they play a crucial role in providing accessible higher education | ADU3=[3]: Tuition fees could deter students from lower-income backgrounds, thereby limiting social mobility and diversity within academia | ADU4=[4]: Opponents argue that fee revenue would allow institutions to invest more in research and infrastructure | ADU5=[5]: However, this overlooks the fact that public funding already supports many essential university functions | ADU6=[6]: Additionally, tuition fees might create financial burdens that discourage talented students from pursuing degrees	S1 split: because. Restatement: subsidized = not charge. MISMATCH. Nearly identical to Text 45.	Universities in Germany should not charge tuition fees because they play a crucial role in providing accessible higher education. Tuition fees could deter students from lower-income backgrounds, thereby limiting social mobility and diversity within academia. Opponents argue that fee revenue would allow institutions to invest more in research and infrastructure. However, this overlooks the fact that public funding already supports many essential university functions. Additionally, tuition fees might create financial burdens that discourage talented students from pursuing degrees. A fairer system relies on equitable access through subsidized education rather than market-driven costs.	none	keep -> stance relabeled from for to against	1	e1:a1, e2:a2, e3:a3, e4:a4, e5:a5, e6:a6, e7:a1
47	Should all universities in Germany charge tuition fees?	against	against	MATCH	yes	yes	6	8	7	yes	"[8]=[1]: ""investing in accessible higher education"" = ""should not charge"""	[1] Universities in Germany should not charge tuition fees | [2] because they contribute to social equity by ensuring access to higher education for students from diverse economic backgrounds | [3] Tuition fees can create barriers for low-income families, limiting opportunities for upward mobility | [4] Opponents argue that fees help sustain university budgets and improve infrastructure | [5] but this overlooks the broader societal benefits of free education | [6] Free tuition also encourages lifelong learning and fosters innovation through increased student participation | [7] Additionally, public funding ensures that educational quality remains high without compromising accessibility | [8] Ultimately, investing in accessible higher education strengthens both individual prospects and national development	ADU1=[1]=[8]: Universities in Germany should not charge tuition fees (restatement merged) | ADU2=[2]: because they contribute to social equity by ensuring access to higher education for students from diverse economic backgrounds | ADU3=[3]: Tuition fees can create barriers for low-income families, limiting opportunities for upward mobility | ADU4=[4]: Opponents argue that fees help sustain university budgets and improve infrastructure | ADU5=[5]: but this overlooks the broader societal benefits of free education | ADU6=[6]: Free tuition also encourages lifelong learning and fosters innovation through increased student participation | ADU7=[7]: Additionally, public funding ensures that educational quality remains high without compromising accessibility	S1 split: because. S3 split: ,but. Restatement: investing in accessible = not charge.	Universities in Germany should not charge tuition fees because they contribute to social equity by ensuring access to higher education for students from diverse economic backgrounds. Tuition fees can create barriers for low-income families, limiting opportunities for upward mobility. Opponents argue that fees help sustain university budgets and improve infrastructure, but this overlooks the broader societal benefits of free education. Free tuition also encourages lifelong learning and fosters innovation through increased student participation. Additionally, public funding ensures that educational quality remains high without compromising accessibility. Ultimately, investing in accessible higher education strengthens both individual prospects and national development.	none	keep	1	e1:a1, e2:a2, e3:a3, e4:a4, e5:a5, e6:a6, e7:a7, e8:a1
48	Should parts of the Tempelhofer Feld be made available for residential construction?	for	for	MATCH	yes	yes	6	6	6	no	S6 is additional support	[1] Parts of the Tempelhofer Feld should be made available for residential construction to address Berlin's housing shortage | [2] This area offers ample space that could alleviate pressure on existing urban neighborhoods | [3] Critics argue that preserving the site as public open space is more beneficial for community well-being | [4] However, sustainable development can incorporate green spaces within new residential areas without compromising their availability | [5] Additionally, converting underused land into habitable units supports economic growth and social equity | [6] Residential expansion also encourages denser, more efficient use of city resources	ADU1=[1]: Parts of the Tempelhofer Feld should be made available for residential construction to address Berlin's housing shortage | ADU2=[2]: This area offers ample space that could alleviate pressure on existing urban neighborhoods | ADU3=[3]: Critics argue that preserving the site as public open space is more beneficial for community well-being | ADU4=[4]: However, sustainable development can incorporate green spaces within new residential areas without compromising their availability | ADU5=[5]: Additionally, converting underused land into habitable units supports economic growth and social equity | ADU6=[6]: Residential expansion also encourages denser, more efficient use of city resources	1:1 sentence-to-EDU. No restatement.	Parts of the Tempelhofer Feld should be made available for residential construction to address Berlin's housing shortage. This area offers ample space that could alleviate pressure on existing urban neighborhoods. Critics argue that preserving the site as public open space is more beneficial for community well-being. However, sustainable development can incorporate green spaces within new residential areas without compromising their availability. Additionally, converting underused land into habitable units supports economic growth and social equity. Residential expansion also encourages denser, more efficient use of city resources.	none	keep	1	e1:a1, e2:a2, e3:a3, e4:a4, e5:a5, e6:a6
49	Should parts of the Tempelhofer Feld be made available for residential construction?	against	against	MATCH	yes	yes	5	7	6	yes	"[7]=[1]: ""sustainable urban planning must balance development with protection"" = against conversion"	[1] The conversion of Tempelhofer Feld into residential areas would undermine its cultural and recreational value | [2] This site is recognized internationally for its historical significance and serves as a vital public space for community engagement and artistic expression | [3] Opponents argue that urban development could address housing shortages | [4] but this overlooks the long-term benefits of preserving open spaces for future generations | [5] While economic growth is important | [6] prioritizing profit over heritage risks eroding the city's unique identity | [7] Ultimately, sustainable urban planning must balance development with the protection of irreplaceable communal assets	ADU1=[1]=[7]: The conversion of Tempelhofer Feld into residential areas would undermine its cultural and recreational value (restatement merged) | ADU2=[2]: This site is recognized internationally for its historical significance and serves as a vital public space for community engagement and artistic expression | ADU3=[3]: Opponents argue that urban development could address housing shortages | ADU4=[4]: but this overlooks the long-term benefits of preserving open spaces for future generations | ADU5=[5]: While economic growth is important | ADU6=[6]: prioritizing profit over heritage risks eroding the city's unique identity	5 sentences. S3 split: ,but. S4 split: While. Restatement.	The conversion of Tempelhofer Feld into residential areas would undermine its cultural and recreational value. This site is recognized internationally for its historical significance and serves as a vital public space for community engagement and artistic expression. Opponents argue that urban development could address housing shortages, but this overlooks the long-term benefits of preserving open spaces for future generations. While economic growth is important, prioritizing profit over heritage risks eroding the city's unique identity. Ultimately, sustainable urban planning must balance development with the protection of irreplaceable communal assets.	none	keep	1	e1:a1, e2:a2, e3:a3, e4:a4, e5:a5, e6:a6, e7:a1
50	Should parts of the Tempelhofer Feld be made available for residential construction?	for	for	MATCH	yes	yes	6	6	6	no	S6 is additional support	[1] Parts of the Tempelhofer Feld should be made available for residential construction | [2] This would address Berlin's housing crisis by providing much-needed living spaces in a central location | [3] Critics argue that preserving the area as public space is more beneficial for community engagement and cultural identity | [4] However, this concern can be mitigated through thoughtful urban planning that balances development with recreational use | [5] Residential projects could also stimulate local economic growth and improve accessibility | [6] Additionally, integrating green areas within residential zones can enhance sustainability without compromising open space	ADU1=[1]: Parts of the Tempelhofer Feld should be made available for residential construction | ADU2=[2]: This would address Berlin's housing crisis by providing much-needed living spaces in a central location | ADU3=[3]: Critics argue that preserving the area as public space is more beneficial for community engagement and cultural identity | ADU4=[4]: However, this concern can be mitigated through thoughtful urban planning that balances development with recreational use | ADU5=[5]: Residential projects could also stimulate local economic growth and improve accessibility | ADU6=[6]: Additionally, integrating green areas within residential zones can enhance sustainability without compromising open space	1:1 sentence-to-EDU. Calibration text. No restatement.	Parts of the Tempelhofer Feld should be made available for residential construction. This would address Berlin's housing crisis by providing much-needed living spaces in a central location. Critics argue that preserving the area as public space is more beneficial for community engagement and cultural identity. However, this concern can be mitigated through thoughtful urban planning that balances development with recreational use. Residential projects could also stimulate local economic growth and improve accessibility. Additionally, integrating green areas within residential zones can enhance sustainability without compromising open space.	none	keep	1	e1:a1, e2:a2, e3:a3, e4:a4, e5:a5, e6:a6
51	Should parts of the Tempelhofer Feld be made available for residential construction?	against	against	MATCH	yes	yes	6	8	8	no	S6 is alternative proposal	[1] The conversion of Tempelhofer Feld into residential areas would undermine its cultural and recreational significance | [2] As a historic site with strong community ties, preserving its open space is essential for public enjoyment and historical continuity | [3] Opponents argue that urban development could address housing shortages | [4] but this prioritizes economic gain over communal values | [5] While increased density might provide more living spaces | [6] it risks eroding the unique character of the area | [7] Moreover, sustainable alternatives exist that balance growth with preservation efforts | [8] Finally, investing in affordable housing within existing city structures offers a viable solution without compromising the field's legacy	ADU1=[1]: The conversion of Tempelhofer Feld into residential areas would undermine its cultural and recreational significance | ADU2=[2]: As a historic site with strong community ties, preserving its open space is essential for public enjoyment and historical continuity | ADU3=[3]: Opponents argue that urban development could address housing shortages | ADU4=[4]: but this prioritizes economic gain over communal values | ADU5=[5]: While increased density might provide more living spaces | ADU6=[6]: it risks eroding the unique character of the area | ADU7=[7]: Moreover, sustainable alternatives exist that balance growth with preservation efforts | ADU8=[8]: Finally, investing in affordable housing within existing city structures offers a viable solution without compromising the field's legacy	S2: As... reduced clause joined (no verb). S3 split: ,but. S4 split: While. No restatement.	The conversion of Tempelhofer Feld into residential areas would undermine its cultural and recreational significance. As a historic site with strong community ties, preserving its open space is essential for public enjoyment and historical continuity. Opponents argue that urban development could address housing shortages, but this prioritizes economic gain over communal values. While increased density might provide more living spaces, it risks eroding the unique character of the area. Moreover, sustainable alternatives exist that balance growth with preservation efforts. Finally, investing in affordable housing within existing city structures offers a viable solution without compromising the field's legacy.	none	keep	1	e1:a1, e2:a2, e3:a3, e4:a4, e5:a5, e6:a6, e7:a7, e8:a8
52	Should parts of the Tempelhofer Feld be made available for residential construction?	for	for	MATCH	yes	yes	6	7	6	yes	"[7]=[1]: ""reimagining land use policies"" = ""should be made available"""	[1] Parts of the Tempelhofer Feld should be made available for residential construction to address Berlin's growing housing shortage | [2] This area could provide much-needed affordable housing without compromising the site's historical significance | [3] as adaptive reuse allows preservation alongside development | [4] Critics argue that converting the field into residences would disrupt its current use as public space and reduce green areas in the city | [5] However, thoughtful planning can ensure that some sections remain accessible for recreation while still allowing for sustainable urban expansion | [6] Additionally, integrating mixed-use developments could enhance community engagement and economic vitality in surrounding neighborhoods | [7] Ultimately, reimagining land use policies can create opportunities for both growth and conservation in densely populated cities	ADU1=[1]=[7]: Parts of the Tempelhofer Feld should be made available for residential construction to address Berlin's growing housing shortage (restatement merged) | ADU2=[2]: This area could provide much-needed affordable housing without compromising the site's historical significance | ADU3=[3]: as adaptive reuse allows preservation alongside development | ADU4=[4]: Critics argue that converting the field into residences would disrupt its current use as public space and reduce green areas in the city | ADU5=[5]: However, thoughtful planning can ensure that some sections remain accessible for recreation while still allowing for sustainable urban expansion | ADU6=[6]: Additionally, integrating mixed-use developments could enhance community engagement and economic vitality in surrounding neighborhoods	S2 split: ,as (causal). S4 while=simultaneous, kept. Restatement.	Parts of the Tempelhofer Feld should be made available for residential construction to address Berlin's growing housing shortage. This area could provide much-needed affordable housing without compromising the site's historical significance, as adaptive reuse allows preservation alongside development. Critics argue that converting the field into residences would disrupt its current use as public space and reduce green areas in the city. However, thoughtful planning can ensure that some sections remain accessible for recreation while still allowing for sustainable urban expansion. Additionally, integrating mixed-use developments could enhance community engagement and economic vitality in surrounding neighborhoods. Ultimately, reimagining land use policies can create opportunities for both growth and conservation in densely populated cities.	none	keep	1	e1:a1, e2:a2, e3:a3, e4:a4, e5:a5, e6:a6, e7:a1
53	Should parts of the Tempelhofer Feld be made available for residential construction?	against	against	MATCH	yes	yes	5	6	5	yes	"[6]=[1]: ""preserving the area"" = ""should be rejected"""	[1] The development of parts of the Tempelhofer Feld for residential use should be rejected due to its significant historical and cultural value | [2] This site is a symbol of resistance during World War II and continues to serve as a public space for community engagement and remembrance | [3] Opponents may argue that urban expansion requires repurposing underused land | [4] but this overlooks the unique identity and educational role the field plays | [5] Additionally, converting it into housing could diminish access for future generations who rely on it for reflection and recreation | [6] Finally, preserving the area ensures continued civic participation and maintains a tangible connection to historical events	ADU1=[1]=[6]: The development of parts of the Tempelhofer Feld for residential use should be rejected due to its significant historical and cultural value (restatement merged) | ADU2=[2]: This site is a symbol of resistance during World War II and continues to serve as a public space for community engagement and remembrance | ADU3=[3]: Opponents may argue that urban expansion requires repurposing underused land | ADU4=[4]: but this overlooks the unique identity and educational role the field plays | ADU5=[5]: Additionally, converting it into housing could diminish access for future generations who rely on it for reflection and recreation	5 sentences. S3 split: ,but. Restatement: preserving = rejected development.	The development of parts of the Tempelhofer Feld for residential use should be rejected due to its significant historical and cultural value. This site is a symbol of resistance during World War II and continues to serve as a public space for community engagement and remembrance. Opponents may argue that urban expansion requires repurposing underused land, but this overlooks the unique identity and educational role the field plays. Additionally, converting it into housing could diminish access for future generations who rely on it for reflection and recreation. Finally, preserving the area ensures continued civic participation and maintains a tangible connection to historical events.	none	keep	1	e1:a1, e2:a2, e3:a3, e4:a4, e5:a5, e6:a1
54	Should parts of the Tempelhofer Feld be made available for residential construction?	for	for	MATCH	yes	yes	6	7	7	no	S6 is additional support strategy	[1] Parts of the Tempelhofer Feld should be made available for residential construction | [2] This would address growing housing shortages in Berlin while repurposing underused land | [3] Critics argue that preserving the site's historical significance is more important than development | [4] but this overlooks the need for modern infrastructure in densely populated urban areas | [5] Residential use could also enhance public access and community engagement through mixed-use spaces | [6] Additionally, sustainable building practices can ensure minimal environmental impact while meeting current needs | [7] Finally, adaptive reuse strategies offer opportunities to integrate green spaces with urban living	ADU1=[1]: Parts of the Tempelhofer Feld should be made available for residential construction | ADU2=[2]: This would address growing housing shortages in Berlin while repurposing underused land | ADU3=[3]: Critics argue that preserving the site's historical significance is more important than development | ADU4=[4]: but this overlooks the need for modern infrastructure in densely populated urban areas | ADU5=[5]: Residential use could also enhance public access and community engagement through mixed-use spaces | ADU6=[6]: Additionally, sustainable building practices can ensure minimal environmental impact while meeting current needs | ADU7=[7]: Finally, adaptive reuse strategies offer opportunities to integrate green spaces with urban living	S2 while=simultaneous, kept. S3 split: ,but. S5 while=simultaneous, kept. No restatement.	Parts of the Tempelhofer Feld should be made available for residential construction. This would address growing housing shortages in Berlin while repurposing underused land. Critics argue that preserving the site's historical significance is more important than development, but this overlooks the need for modern infrastructure in densely populated urban areas. Residential use could also enhance public access and community engagement through mixed-use spaces. Additionally, sustainable building practices can ensure minimal environmental impact while meeting current needs. Finally, adaptive reuse strategies offer opportunities to integrate green spaces with urban living.	none	keep	1	e1:a1, e2:a2, e3:a3, e4:a4, e5:a5, e6:a6, e7:a7
55	Should parts of the Tempelhofer Feld be made available for residential construction?	against	against	MATCH	yes	yes	6	8	8	no	S6 is alternative proposal	[1] The conversion of Tempelhofer Feld into residential areas would undermine its unique cultural and recreational value | [2] This site is widely recognized as a public space that fosters community engagement and historical reflection | [3] which could be lost if it were developed for housing | [4] Opponents argue that urban expansion requires reusing underutilized land | [5] but this overlooks the field's role as a living museum of Berlin's post-war history | [6] Residential development might also lead to increased traffic and displacement of existing users who rely on the area for free access | [7] Additionally, prioritizing profit over preservation risks eroding the social equity that makes the site accessible to all residents | [8] Finally, alternative solutions such as mixed-use developments could balance growth with the protection of open spaces	ADU1=[1]: The conversion of Tempelhofer Feld into residential areas would undermine its unique cultural and recreational value | ADU2=[2]: This site is widely recognized as a public space that fosters community engagement and historical reflection | ADU3=[3]: which could be lost if it were developed for housing | ADU4=[4]: Opponents argue that urban expansion requires reusing underutilized land | ADU5=[5]: but this overlooks the field's role as a living museum of Berlin's post-war history | ADU6=[6]: Residential development might also lead to increased traffic and displacement of existing users who rely on the area for free access | ADU7=[7]: Additionally, prioritizing profit over preservation risks eroding the social equity that makes the site accessible to all residents | ADU8=[8]: Finally, alternative solutions such as mixed-use developments could balance growth with the protection of open spaces	S2 split: non-restrictive ,which (adds consequence). S3 split: ,but. No restatement: S6 is alternative.	The conversion of Tempelhofer Feld into residential areas would undermine its unique cultural and recreational value. This site is widely recognized as a public space that fosters community engagement and historical reflection, which could be lost if it were developed for housing. Opponents argue that urban expansion requires reusing underutilized land, but this overlooks the field's role as a living museum of Berlin's post-war history. Residential development might also lead to increased traffic and displacement of existing users who rely on the area for free access. Additionally, prioritizing profit over preservation risks eroding the social equity that makes the site accessible to all residents. Finally, alternative solutions such as mixed-use developments could balance growth with the protection of open spaces.	none	keep	1	e1:a1, e2:a2, e3:a3, e4:a4, e5:a5, e6:a6, e7:a7, e8:a8
56	Should the weight of the BA thesis in the final grade be increased?	for	for	MATCH	yes	yes	6	7	6	yes	"[7]=[1]: ""valuing the thesis more"" = ""weight should be increased"""	[1] The weight of the BA thesis in the final grade should be increased | [2] because it provides a comprehensive assessment of students' cumulative knowledge and research skills | [3] It allows instructors to evaluate critical thinking, writing ability, and originality beyond what is measured through standard exams | [4] Critics may argue that this approach places undue stress on students, potentially leading to burnout | [5] However, structured support and reasonable deadlines can mitigate these concerns without compromising quality | [6] Additionally, increasing its weight encourages deeper engagement with scholarly work and better prepares students for advanced academic pursuits | [7] Ultimately, valuing the thesis more accurately reflects the importance of independent scholarship in higher education	ADU1=[1]=[7]: The weight of the BA thesis in the final grade should be increased (restatement merged) | ADU2=[2]: because it provides a comprehensive assessment of students' cumulative knowledge and research skills | ADU3=[3]: It allows instructors to evaluate critical thinking, writing ability, and originality beyond what is measured through standard exams | ADU4=[4]: Critics may argue that this approach places undue stress on students, potentially leading to burnout | ADU5=[5]: However, structured support and reasonable deadlines can mitigate these concerns without compromising quality | ADU6=[6]: Additionally, increasing its weight encourages deeper engagement with scholarly work and better prepares students for advanced academic pursuits	S1 split: because. Restatement: valuing thesis more = weight increased.	The weight of the BA thesis in the final grade should be increased because it provides a comprehensive assessment of students' cumulative knowledge and research skills. It allows instructors to evaluate critical thinking, writing ability, and originality beyond what is measured through standard exams. Critics may argue that this approach places undue stress on students, potentially leading to burnout. However, structured support and reasonable deadlines can mitigate these concerns without compromising quality. Additionally, increasing its weight encourages deeper engagement with scholarly work and better prepares students for advanced academic pursuits. Ultimately, valuing the thesis more accurately reflects the importance of independent scholarship in higher education.	none	keep	1	e1:a1, e2:a2, e3:a3, e4:a4, e5:a5, e6:a6, e7:a1
57	Should the weight of the BA thesis in the final grade be increased?	against	against	MATCH	yes	yes	6	7	6	yes	"[7]=[1]: ""balanced assessment"" = ""should not be increased"""	[1] The weight of the BA thesis in the final grade should not be increased | [2] While some argue that a greater emphasis on the thesis reflects students' overall mastery of their field | [3] this approach risks undervaluing other critical components of learning, such as coursework and participation | [4] A heavily weighted thesis may also disproportionately affect students who face personal challenges during their research phase, leading to unfair grading outcomes | [5] Critics might counter that the thesis is a comprehensive demonstration of skills developed throughout the program | [6] However, this overlooks the fact that many students invest significant time and effort into preparatory courses which are equally indicative of their academic growth | [7] Ultimately, maintaining balanced assessment ensures fairness and recognizes diverse contributions to student development	ADU1=[1]=[7]: The weight of the BA thesis in the final grade should not be increased (restatement merged) | ADU2=[2]: While some argue that a greater emphasis on the thesis reflects students' overall mastery of their field | ADU3=[3]: this approach risks undervaluing other critical components of learning, such as coursework and participation | ADU4=[4]: A heavily weighted thesis may also disproportionately affect students who face personal challenges during their research phase, leading to unfair grading outcomes | ADU5=[5]: Critics might counter that the thesis is a comprehensive demonstration of skills developed throughout the program | ADU6=[6]: However, this overlooks the fact that many students invest significant time and effort into preparatory courses which are equally indicative of their academic growth	S2 split: While. Restatement: balanced assessment = not increased.	The weight of the BA thesis in the final grade should not be increased. While some argue that a greater emphasis on the thesis reflects students' overall mastery of their field, this approach risks undervaluing other critical components of learning, such as coursework and participation. A heavily weighted thesis may also disproportionately affect students who face personal challenges during their research phase, leading to unfair grading outcomes. Critics might counter that the thesis is a comprehensive demonstration of skills developed throughout the program. However, this overlooks the fact that many students invest significant time and effort into preparatory courses which are equally indicative of their academic growth. Ultimately, maintaining balanced assessment ensures fairness and recognizes diverse contributions to student development.	none	keep	1	e1:a1, e2:a2, e3:a3, e4:a4, e5:a5, e6:a6, e7:a1
58	Should the weight of the BA thesis in the final grade be increased?	for	for	MATCH	yes	yes	6	7	7	no	S6 is additional support about real-world alignment	[1] The weight of the BA thesis in the final grade should be increased | [2] because it reflects students' comprehensive understanding and research capabilities | [3] Unlike exams, which test knowledge retention, the thesis demonstrates critical thinking and independent work over an extended period | [4] Some argue that increasing its weight may disadvantage less experienced students who struggle with time management and writing skills | [5] However, these challenges can be mitigated through structured guidance and support systems during the thesis process | [6] Additionally, emphasizing the thesis encourages deeper engagement with the subject matter, fostering long-term learning outcomes | [7] This approach also better aligns assessment with real-world academic and professional demands	ADU1=[1]: The weight of the BA thesis in the final grade should be increased | ADU2=[2]: because it reflects students' comprehensive understanding and research capabilities | ADU3=[3]: Unlike exams, which test knowledge retention, the thesis demonstrates critical thinking and independent work over an extended period | ADU4=[4]: Some argue that increasing its weight may disadvantage less experienced students who struggle with time management and writing skills | ADU5=[5]: However, these challenges can be mitigated through structured guidance and support systems during the thesis process | ADU6=[6]: Additionally, emphasizing the thesis encourages deeper engagement with the subject matter, fostering long-term learning outcomes | ADU7=[7]: This approach also better aligns assessment with real-world academic and professional demands	S1 split: because. No restatement.	The weight of the BA thesis in the final grade should be increased because it reflects students' comprehensive understanding and research capabilities. Unlike exams, which test knowledge retention, the thesis demonstrates critical thinking and independent work over an extended period. Some argue that increasing its weight may disadvantage less experienced students who struggle with time management and writing skills. However, these challenges can be mitigated through structured guidance and support systems during the thesis process. Additionally, emphasizing the thesis encourages deeper engagement with the subject matter, fostering long-term learning outcomes. This approach also better aligns assessment with real-world academic and professional demands.	none	keep	1	e1:a1, e2:a2, e3:a3, e4:a4, e5:a5, e6:a6, e7:a7
59	Should the weight of the BA thesis in the final grade be increased?	against	against	MATCH	yes	yes	6	8	7	yes	"[8]=[1]: ""balancing assessment methods"" = ""should not be increased"""	[1] The weight of the BA thesis should not be increased in the final grade | [2] A significant portion of a student's learning occurs through coursework and assessments throughout the program | [3] which provide more frequent opportunities for feedback and skill development | [4] Increasing the thesis' influence may disproportionately penalize students who struggle with independent research, despite performing well in other areas | [5] Critics argue that a stronger emphasis on the thesis better reflects graduate-level skills | [6] but this overlooks the diverse strengths students bring to different types of assessment | [7] Additionally, reducing the focus on continuous evaluation can hinder formative growth, making the final grade less representative of overall ability | [8] Therefore, balancing assessment methods ensures fairer and more comprehensive evaluations	ADU1=[1]=[8]: The weight of the BA thesis should not be increased in the final grade (restatement merged) | ADU2=[2]: A significant portion of a student's learning occurs through coursework and assessments throughout the program | ADU3=[3]: which provide more frequent opportunities for feedback and skill development | ADU4=[4]: Increasing the thesis' influence may disproportionately penalize students who struggle with independent research, despite performing well in other areas | ADU5=[5]: Critics argue that a stronger emphasis on the thesis better reflects graduate-level skills | ADU6=[6]: but this overlooks the diverse strengths students bring to different types of assessment | ADU7=[7]: Additionally, reducing the focus on continuous evaluation can hinder formative growth, making the final grade less representative of overall ability	S2 split: non-restrictive ,which. S4 split: ,but. Restatement: balancing = not increased.	The weight of the BA thesis should not be increased in the final grade. A significant portion of a student's learning occurs through coursework and assessments throughout the program, which provide more frequent opportunities for feedback and skill development. Increasing the thesis' influence may disproportionately penalize students who struggle with independent research, despite performing well in other areas. Critics argue that a stronger emphasis on the thesis better reflects graduate-level skills, but this overlooks the diverse strengths students bring to different types of assessment. Additionally, reducing the focus on continuous evaluation can hinder formative growth, making the final grade less representative of overall ability. Therefore, balancing assessment methods ensures fairer and more comprehensive evaluations.	none	keep	1	e1:a1, e2:a2, e3:a3, e4:a4, e5:a5, e6:a6, e7:a7, e8:a1
60	Should the weight of the BA thesis in the final grade be increased?	for	for	MATCH	yes	yes	6	8	7	yes	"[8]=[1]: ""aligning grading with real-world demands"" = ""weight should be increased"""	[1] The weight of the BA thesis in the final grade should be increased | [2] because it reflects students' comprehensive understanding and independent research skills | [3] Unlike routine assessments, the thesis requires sustained intellectual effort and critical analysis | [4] which are essential indicators of academic readiness | [5] Critics argue that emphasizing the thesis may disadvantage students who struggle with writing but excel in other areas | [6] However, these concerns can be mitigated through structured support and diverse assessment methods | [7] Furthermore, increasing its value encourages deeper engagement with subject matter and better prepares graduates for advanced study or professional work | [8] Ultimately, aligning grading with real-world academic demands enhances both fairness and educational outcomes	ADU1=[1]=[8]: The weight of the BA thesis in the final grade should be increased (restatement merged) | ADU2=[2]: because it reflects students' comprehensive understanding and independent research skills | ADU3=[3]: Unlike routine assessments, the thesis requires sustained intellectual effort and critical analysis | ADU4=[4]: which are essential indicators of academic readiness | ADU5=[5]: Critics argue that emphasizing the thesis may disadvantage students who struggle with writing but excel in other areas | ADU6=[6]: However, these concerns can be mitigated through structured support and diverse assessment methods | ADU7=[7]: Furthermore, increasing its value encourages deeper engagement with subject matter and better prepares graduates for advanced study or professional work	S1 split: because. S2 split: non-restrictive ,which. Restatement: aligning grading = increased weight.	The weight of the BA thesis in the final grade should be increased because it reflects students' comprehensive understanding and independent research skills. Unlike routine assessments, the thesis requires sustained intellectual effort and critical analysis, which are essential indicators of academic readiness. Critics argue that emphasizing the thesis may disadvantage students who struggle with writing but excel in other areas. However, these concerns can be mitigated through structured support and diverse assessment methods. Furthermore, increasing its value encourages deeper engagement with subject matter and better prepares graduates for advanced study or professional work. Ultimately, aligning grading with real-world academic demands enhances both fairness and educational outcomes.	none	keep	1	e1:a1, e2:a2, e3:a3, e4:a4, e5:a5, e6:a6, e7:a7, e8:a1
61	Should the weight of the BA thesis in the final grade be increased?	against	against	MATCH	yes	yes	6	8	7	yes	"[8]=[1]: ""holistic evaluation model"" = ""should not be increased"""	[1] The weight of the BA thesis in the final grade should not be increased | [2] While some argue that a higher weighting would better reflect students' comprehensive knowledge and research skills | [3] this approach risks penalizing those who may struggle with time management or external pressures | [4] A more balanced assessment ensures fairness across diverse student circumstances | [5] Critics might counter that greater emphasis on the thesis encourages deeper engagement with the subject matter | [6] however, this assumes uniform access to resources and support, which is often unrealistic | [7] Additionally, increasing the thesis's influence could discourage creativity and critical thinking if students feel overly constrained by grading criteria | [8] Ultimately, a holistic evaluation model promotes both intellectual growth and equitable outcomes	ADU1=[1]=[8]: The weight of the BA thesis in the final grade should not be increased (restatement merged) | ADU2=[2]: While some argue that a higher weighting would better reflect students' comprehensive knowledge and research skills | ADU3=[3]: this approach risks penalizing those who may struggle with time management or external pressures | ADU4=[4]: A more balanced assessment ensures fairness across diverse student circumstances | ADU5=[5]: Critics might counter that greater emphasis on the thesis encourages deeper engagement with the subject matter | ADU6=[6]: however, this assumes uniform access to resources and support, which is often unrealistic | ADU7=[7]: Additionally, increasing the thesis's influence could discourage creativity and critical thinking if students feel overly constrained by grading criteria	S2 split: While. S4 split: ; however (semicolon+however = ,but). Restatement: holistic evaluation = not increased.	The weight of the BA thesis in the final grade should not be increased. While some argue that a higher weighting would better reflect students' comprehensive knowledge and research skills, this approach risks penalizing those who may struggle with time management or external pressures. A more balanced assessment ensures fairness across diverse student circumstances. Critics might counter that greater emphasis on the thesis encourages deeper engagement with the subject matter; however, this assumes uniform access to resources and support, which is often unrealistic. Additionally, increasing the thesis's influence could discourage creativity and critical thinking if students feel overly constrained by grading criteria. Ultimately, a holistic evaluation model promotes both intellectual growth and equitable outcomes.	none	keep	1	e1:a1, e2:a2, e3:a3, e4:a4, e5:a5, e6:a6, e7:a7, e8:a1
62	Should the weight of the BA thesis in the final grade be increased?	for	for	MATCH	yes	yes	6	7	7	no	S6 is additional support about educational goals	[1] The weight of the BA thesis in the final grade should be increased | [2] because it represents students' culmination of knowledge and critical thinking skills | [3] Unlike other assessments, the thesis allows for deep exploration of a specialized topic, reflecting comprehensive understanding and independent research ability | [4] Critics argue that increasing its weight may disadvantage less experienced students who struggle with extended writing tasks | [5] However, this concern can be mitigated through structured support and feedback throughout the process | [6] Additionally, emphasizing the thesis encourages higher-order learning and prepares students for advanced scholarly work | [7] This shift also aligns with broader educational goals of fostering intellectual rigor and originality	ADU1=[1]: The weight of the BA thesis in the final grade should be increased | ADU2=[2]: because it represents students' culmination of knowledge and critical thinking skills | ADU3=[3]: Unlike other assessments, the thesis allows for deep exploration of a specialized topic, reflecting comprehensive understanding and independent research ability | ADU4=[4]: Critics argue that increasing its weight may disadvantage less experienced students who struggle with extended writing tasks | ADU5=[5]: However, this concern can be mitigated through structured support and feedback throughout the process | ADU6=[6]: Additionally, emphasizing the thesis encourages higher-order learning and prepares students for advanced scholarly work | ADU7=[7]: This shift also aligns with broader educational goals of fostering intellectual rigor and originality	S1 split: because. No restatement.	The weight of the BA thesis in the final grade should be increased because it represents students' culmination of knowledge and critical thinking skills. Unlike other assessments, the thesis allows for deep exploration of a specialized topic, reflecting comprehensive understanding and independent research ability. Critics argue that increasing its weight may disadvantage less experienced students who struggle with extended writing tasks. However, this concern can be mitigated through structured support and feedback throughout the process. Additionally, emphasizing the thesis encourages higher-order learning and prepares students for advanced scholarly work. This shift also aligns with broader educational goals of fostering intellectual rigor and originality.	none	keep	1	e1:a1, e2:a2, e3:a3, e4:a4, e5:a5, e6:a6, e7:a7
63	Should the weight of the BA thesis in the final grade be increased?	against	against	MATCH	yes	yes	6	8	8	no	S6 is support about diverse learning styles, not restatement	[1] The weight of the BA thesis in the final grade should not be increased | [2] While some argue that the thesis provides a comprehensive assessment of students' overall capabilities | [3] this approach risks undervaluing other essential skills developed throughout the program | [4] A heavier emphasis on the thesis may disproportionately penalize students who excel in practical tasks but struggle with lengthy independent research | [5] Critics might counter that the thesis is an integral part of academic training | [6] yet it does not necessarily reflect real-world application or critical thinking beyond the confines of the project | [7] Moreover, increasing its weight could create unnecessary stress without proportionally improving educational outcomes | [8] Finally, diverse learning styles benefit from varied assessments that recognize different forms of intellectual engagement	ADU1=[1]: The weight of the BA thesis in the final grade should not be increased | ADU2=[2]: While some argue that the thesis provides a comprehensive assessment of students' overall capabilities | ADU3=[3]: this approach risks undervaluing other essential skills developed throughout the program | ADU4=[4]: A heavier emphasis on the thesis may disproportionately penalize students who excel in practical tasks but struggle with lengthy independent research | ADU5=[5]: Critics might counter that the thesis is an integral part of academic training | ADU6=[6]: yet it does not necessarily reflect real-world application or critical thinking beyond the confines of the project | ADU7=[7]: Moreover, increasing its weight could create unnecessary stress without proportionally improving educational outcomes | ADU8=[8]: Finally, diverse learning styles benefit from varied assessments that recognize different forms of intellectual engagement	S2 split: While. S4 split: ,yet. No restatement.	The weight of the BA thesis in the final grade should not be increased. While some argue that the thesis provides a comprehensive assessment of students' overall capabilities, this approach risks undervaluing other essential skills developed throughout the program. A heavier emphasis on the thesis may disproportionately penalize students who excel in practical tasks but struggle with lengthy independent research. Critics might counter that the thesis is an integral part of academic training, yet it does not necessarily reflect real-world application or critical thinking beyond the confines of the project. Moreover, increasing its weight could create unnecessary stress without proportionally improving educational outcomes. Finally, diverse learning styles benefit from varied assessments that recognize different forms of intellectual engagement.	none	keep	1	e1:a1, e2:a2, e3:a3, e4:a4, e5:a5, e6:a6, e7:a7, e8:a8
64	Should there be a cap on rent increases for a change of tenant?	for	for	MATCH	yes	yes	6	7	6	yes	"[7]=[1]: ""implementing such policies"" = ""should be a cap"""	[1] There should be a cap on rent increases when tenants change to prevent landlords from exploiting market fluctuations | [2] Rent caps would ensure stability for both tenants and landlords by limiting unjustified price hikes | [3] Opponents argue that rent controls could discourage investment in rental properties | [4] but this concern can be mitigated through transparent regulatory frameworks | [5] A fair rent policy also promotes social equity by protecting vulnerable renters from sudden financial strain | [6] Additionally, capping rent changes encourages long-term property maintenance without compromising affordability | [7] Implementing such policies aligns with broader urban planning goals of fostering sustainable housing markets	ADU1=[1]=[7]: There should be a cap on rent increases when tenants change to prevent landlords from exploiting market fluctuations (restatement merged) | ADU2=[2]: Rent caps would ensure stability for both tenants and landlords by limiting unjustified price hikes | ADU3=[3]: Opponents argue that rent controls could discourage investment in rental properties | ADU4=[4]: but this concern can be mitigated through transparent regulatory frameworks | ADU5=[5]: A fair rent policy also promotes social equity by protecting vulnerable renters from sudden financial strain | ADU6=[6]: Additionally, capping rent changes encourages long-term property maintenance without compromising affordability	S3 split: ,but. Restatement: implementing such policies = should be a cap.	There should be a cap on rent increases when tenants change to prevent landlords from exploiting market fluctuations. Rent caps would ensure stability for both tenants and landlords by limiting unjustified price hikes. Opponents argue that rent controls could discourage investment in rental properties, but this concern can be mitigated through transparent regulatory frameworks. A fair rent policy also promotes social equity by protecting vulnerable renters from sudden financial strain. Additionally, capping rent changes encourages long-term property maintenance without compromising affordability. Implementing such policies aligns with broader urban planning goals of fostering sustainable housing markets.	none	keep	1	e1:a1, e2:a2, e3:a3, e4:a4, e5:a5, e6:a6, e7:a1
65	Should there be a cap on rent increases for a change of tenant?	against	against	MATCH	yes	yes	6	6	6	no	S6 is concluding support	[1] Rent caps should not be imposed when landlords seek to adjust prices due to changes in tenants | [2] Landlords require flexibility to respond to market conditions and maintain property standards | [3] Opponents argue that rent controls protect vulnerable renters from sudden price hikes | [4] However, this approach can discourage investment in rental housing and reduce supply | [5] Without fair pricing mechanisms, both landlords and tenants may suffer long-term economic consequences | [6] Rent adjustments must reflect real estate costs and ensure sustainable housing markets	ADU1=[1]: Rent caps should not be imposed when landlords seek to adjust prices due to changes in tenants | ADU2=[2]: Landlords require flexibility to respond to market conditions and maintain property standards | ADU3=[3]: Opponents argue that rent controls protect vulnerable renters from sudden price hikes | ADU4=[4]: However, this approach can discourage investment in rental housing and reduce supply | ADU5=[5]: Without fair pricing mechanisms, both landlords and tenants may suffer long-term economic consequences | ADU6=[6]: Rent adjustments must reflect real estate costs and ensure sustainable housing markets	1:1 sentence-to-EDU. No restatement.	Rent caps should not be imposed when landlords seek to adjust prices due to changes in tenants. Landlords require flexibility to respond to market conditions and maintain property standards. Opponents argue that rent controls protect vulnerable renters from sudden price hikes. However, this approach can discourage investment in rental housing and reduce supply. Without fair pricing mechanisms, both landlords and tenants may suffer long-term economic consequences. Rent adjustments must reflect real estate costs and ensure sustainable housing markets.	none	keep	1	e1:a1, e2:a2, e3:a3, e4:a4, e5:a5, e6:a6
66	Should there be a cap on rent increases for a change of tenant?	for	for	MATCH	yes	yes	6	7	7	no	S6 is additional support about guidelines	[1] There should be a cap on rent increases when a property changes tenants to prevent excessive price hikes and ensure housing stability | [2] Such caps would protect renters from sudden financial strain and promote fair market practices | [3] Opponents argue that landlords need flexibility to adjust rents based on market conditions | [4] but this perspective overlooks the potential harm caused by unchecked rental inflation | [5] A cap could also encourage long-term investment in properties by offering more predictable income streams | [6] Additionally, regulatory oversight can balance landlord rights with tenant protections without stifling market dynamics | [7] Implementing transparent guidelines for rent adjustments would further enhance accountability and fairness in the housing sector	ADU1=[1]: There should be a cap on rent increases when a property changes tenants to prevent excessive price hikes and ensure housing stability | ADU2=[2]: Such caps would protect renters from sudden financial strain and promote fair market practices | ADU3=[3]: Opponents argue that landlords need flexibility to adjust rents based on market conditions | ADU4=[4]: but this perspective overlooks the potential harm caused by unchecked rental inflation | ADU5=[5]: A cap could also encourage long-term investment in properties by offering more predictable income streams | ADU6=[6]: Additionally, regulatory oversight can balance landlord rights with tenant protections without stifling market dynamics | ADU7=[7]: Implementing transparent guidelines for rent adjustments would further enhance accountability and fairness in the housing sector	S3 split: ,but. No restatement.	There should be a cap on rent increases when a property changes tenants to prevent excessive price hikes and ensure housing stability. Such caps would protect renters from sudden financial strain and promote fair market practices. Opponents argue that landlords need flexibility to adjust rents based on market conditions, but this perspective overlooks the potential harm caused by unchecked rental inflation. A cap could also encourage long-term investment in properties by offering more predictable income streams. Additionally, regulatory oversight can balance landlord rights with tenant protections without stifling market dynamics. Implementing transparent guidelines for rent adjustments would further enhance accountability and fairness in the housing sector.	none	keep	1	e1:a1, e2:a2, e3:a3, e4:a4, e5:a5, e6:a6, e7:a7
67	Should there be a cap on rent increases for a change of tenant?	against	against	MATCH	yes	yes	6	9	9	no	No restatement	[1] Rent caps during tenant changes should not be implemented | [2] as they undermine housing market stability | [3] Landlords require flexibility to adjust rents based on market conditions | [4] which ensures fair pricing and incentivizes property maintenance | [5] Opponents argue that rent caps protect tenants from excessive costs | [6] but this ignores the financial strain placed on landlords who may then reduce services or withdraw from the rental market | [7] Such restrictions can lead to decreased supply and longer vacancy periods, ultimately harming both renters and homeowners | [8] By limiting landlord discretion, rent controls risk creating inefficiencies that outweigh their intended benefits | [9] Additionally, rent caps fail to address underlying issues like income inequality and housing shortages that contribute to affordability crises	ADU1=[1]: Rent caps during tenant changes should not be implemented | ADU2=[2]: as they undermine housing market stability | ADU3=[3]: Landlords require flexibility to adjust rents based on market conditions | ADU4=[4]: which ensures fair pricing and incentivizes property maintenance | ADU5=[5]: Opponents argue that rent caps protect tenants from excessive costs | ADU6=[6]: but this ignores the financial strain placed on landlords who may then reduce services or withdraw from the rental market | ADU7=[7]: Such restrictions can lead to decreased supply and longer vacancy periods, ultimately harming both renters and homeowners | ADU8=[8]: By limiting landlord discretion, rent controls risk creating inefficiencies that outweigh their intended benefits | ADU9=[9]: Additionally, rent caps fail to address underlying issues like income inequality and housing shortages that contribute to affordability crises	S1 split: as (causal). S2 split: non-restrictive ,which. S3 split: ,but. No restatement.	Rent caps during tenant changes should not be implemented as they undermine housing market stability. Landlords require flexibility to adjust rents based on market conditions, which ensures fair pricing and incentivizes property maintenance. Opponents argue that rent caps protect tenants from excessive costs, but this ignores the financial strain placed on landlords who may then reduce services or withdraw from the rental market. Such restrictions can lead to decreased supply and longer vacancy periods, ultimately harming both renters and homeowners. By limiting landlord discretion, rent controls risk creating inefficiencies that outweigh their intended benefits. Additionally, rent caps fail to address underlying issues like income inequality and housing shortages that contribute to affordability crises.	none	keep	1	e1:a1, e2:a2, e3:a3, e4:a4, e5:a5, e6:a6, e7:a7, e8:a8, e9:a9
68	Should there be a cap on rent increases for a change of tenant?	for	against	MISMATCH	yes	yes	6	8	8	no	No restatement	[1] Rent increases should not be capped when a property changes tenants | [2] because landlords need flexibility to cover rising costs and maintain housing quality | [3] Without this freedom, landlords may struggle to keep properties habitable, leading to disrepair and reduced availability | [4] Critics argue that caps protect renters from excessive price hikes | [5] but such restrictions can discourage investment in rental markets | [6] Moreover, capping rents does little to address systemic issues like inflation or maintenance backlogs | [7] A more effective solution is to enforce strict regulations on landlord responsibilities and transparency in pricing | [8] Encouraging competitive market dynamics ensures fair prices without undermining property management sustainability	ADU1=[1]: Rent increases should not be capped when a property changes tenants | ADU2=[2]: because landlords need flexibility to cover rising costs and maintain housing quality | ADU3=[3]: Without this freedom, landlords may struggle to keep properties habitable, leading to disrepair and reduced availability | ADU4=[4]: Critics argue that caps protect renters from excessive price hikes | ADU5=[5]: but such restrictions can discourage investment in rental markets | ADU6=[6]: Moreover, capping rents does little to address systemic issues like inflation or maintenance backlogs | ADU7=[7]: A more effective solution is to enforce strict regulations on landlord responsibilities and transparency in pricing | ADU8=[8]: Encouraging competitive market dynamics ensures fair prices without undermining property management sustainability	S1 split: because. S3 split: ,but. MISMATCH: label=for, actual=against.	Rent increases should not be capped when a property changes tenants because landlords need flexibility to cover rising costs and maintain housing quality. Without this freedom, landlords may struggle to keep properties habitable, leading to disrepair and reduced availability. Critics argue that caps protect renters from excessive price hikes, but such restrictions can discourage investment in rental markets. Moreover, capping rents does little to address systemic issues like inflation or maintenance backlogs. A more effective solution is to enforce strict regulations on landlord responsibilities and transparency in pricing. Encouraging competitive market dynamics ensures fair prices without undermining property management sustainability.	none	keep -> stance relabeled from for to against	1	e1:a1, e2:a2, e3:a3, e4:a4, e5:a5, e6:a6, e7:a7, e8:a8
69	Should there be a cap on rent increases for a change of tenant?	against	against	MATCH	yes	yes	6	9	9	no	S6 is alternative solution	[1] Rent caps during tenant changes should not be implemented | [2] as they disrupt market dynamics and discourage property investment | [3] Landlords need flexibility to adjust rents based on market conditions | [4] which ensures housing remains available and affordable over time | [5] Opponents argue that rent controls protect tenants from sudden financial strain | [6] but this approach can lead to reduced maintenance and fewer rental units being offered | [7] Without fair pricing mechanisms, landlords may withdraw properties from the market, exacerbating housing shortages | [8] Additionally, rigid rent limits fail to account for regional differences in cost-of-living expenses, leading to inequitable outcomes across areas | [9] A more effective solution would involve strengthening tenant protections through transparency measures and enforcing reasonable lease terms instead of imposing arbitrary price restrictions	ADU1=[1]: Rent caps during tenant changes should not be implemented | ADU2=[2]: as they disrupt market dynamics and discourage property investment | ADU3=[3]: Landlords need flexibility to adjust rents based on market conditions | ADU4=[4]: which ensures housing remains available and affordable over time | ADU5=[5]: Opponents argue that rent controls protect tenants from sudden financial strain | ADU6=[6]: but this approach can lead to reduced maintenance and fewer rental units being offered | ADU7=[7]: Without fair pricing mechanisms, landlords may withdraw properties from the market, exacerbating housing shortages | ADU8=[8]: Additionally, rigid rent limits fail to account for regional differences in cost-of-living expenses, leading to inequitable outcomes across areas | ADU9=[9]: A more effective solution would involve strengthening tenant protections through transparency measures and enforcing reasonable lease terms instead of imposing arbitrary price restrictions	S1 split: as (causal). S2 split: non-restrictive ,which. S3 split: ,but. No restatement.	Rent caps during tenant changes should not be implemented as they disrupt market dynamics and discourage property investment. Landlords need flexibility to adjust rents based on market conditions, which ensures housing remains available and affordable over time. Opponents argue that rent controls protect tenants from sudden financial strain, but this approach can lead to reduced maintenance and fewer rental units being offered. Without fair pricing mechanisms, landlords may withdraw properties from the market, exacerbating housing shortages. Additionally, rigid rent limits fail to account for regional differences in cost-of-living expenses, leading to inequitable outcomes across areas. A more effective solution would involve strengthening tenant protections through transparency measures and enforcing reasonable lease terms instead of imposing arbitrary price restrictions.	none	keep	1	e1:a1, e2:a2, e3:a3, e4:a4, e5:a5, e6:a6, e7:a7, e8:a8, e9:a9
70	Should there be a cap on rent increases for a change of tenant?	for	against	MISMATCH	yes	yes	6	8	8	no	S6 is concluding support	[1] Rent increases should not be capped when tenants change | [2] because this would discourage property owners from maintaining rental properties | [3] Without the ability to adjust rents based on market conditions, landlords may lack incentive to invest in upkeep and improvements | [4] Critics argue that capping rent could protect vulnerable renters from sudden financial strain | [5] but such measures often lead to reduced availability of housing | [6] In fact, strict limits can result in fewer units being offered for lease, exacerbating shortages | [7] Moreover, allowing reasonable rent adjustments supports a dynamic housing market where supply and demand can function effectively | [8] Encouraging fair pricing practices ensures both tenants and landlords benefit from stable, sustainable rental environments	ADU1=[1]: Rent increases should not be capped when tenants change | ADU2=[2]: because this would discourage property owners from maintaining rental properties | ADU3=[3]: Without the ability to adjust rents based on market conditions, landlords may lack incentive to invest in upkeep and improvements | ADU4=[4]: Critics argue that capping rent could protect vulnerable renters from sudden financial strain | ADU5=[5]: but such measures often lead to reduced availability of housing | ADU6=[6]: In fact, strict limits can result in fewer units being offered for lease, exacerbating shortages | ADU7=[7]: Moreover, allowing reasonable rent adjustments supports a dynamic housing market where supply and demand can function effectively | ADU8=[8]: Encouraging fair pricing practices ensures both tenants and landlords benefit from stable, sustainable rental environments	S1 split: because. S3 split: ,but. MISMATCH: label=for, actual=against.	Rent increases should not be capped when tenants change because this would discourage property owners from maintaining rental properties. Without the ability to adjust rents based on market conditions, landlords may lack incentive to invest in upkeep and improvements. Critics argue that capping rent could protect vulnerable renters from sudden financial strain, but such measures often lead to reduced availability of housing. In fact, strict limits can result in fewer units being offered for lease, exacerbating shortages. Moreover, allowing reasonable rent adjustments supports a dynamic housing market where supply and demand can function effectively. Encouraging fair pricing practices ensures both tenants and landlords benefit from stable, sustainable rental environments.	none	keep -> stance relabeled from for to against	1	e1:a1, e2:a2, e3:a3, e4:a4, e5:a5, e6:a6, e7:a7, e8:a8
71	Should there be a cap on rent increases for a change of tenant?	against	against	MATCH	yes	yes	6	8	8	no	S6 is alternative solution	[1] Rent caps should not be imposed when changing tenants | [2] because they discourage property maintenance and reduce housing supply | [3] Landlords need financial incentives to upkeep properties, ensuring safe and habitable living conditions | [4] Opponents argue that rent caps protect tenants from sudden price hikes | [5] but this overlooks the long-term consequences of reduced investment in rental stock | [6] Without fair compensation, landlords may withdraw from the market, exacerbating housing shortages | [7] Additionally, strict regulations can lead to black-market rentals, undermining legal protections for both parties | [8] A more effective solution would involve strengthening tenant-landlord accountability through transparent contracts and regular inspections	ADU1=[1]: Rent caps should not be imposed when changing tenants | ADU2=[2]: because they discourage property maintenance and reduce housing supply | ADU3=[3]: Landlords need financial incentives to upkeep properties, ensuring safe and habitable living conditions | ADU4=[4]: Opponents argue that rent caps protect tenants from sudden price hikes | ADU5=[5]: but this overlooks the long-term consequences of reduced investment in rental stock | ADU6=[6]: Without fair compensation, landlords may withdraw from the market, exacerbating housing shortages | ADU7=[7]: Additionally, strict regulations can lead to black-market rentals, undermining legal protections for both parties | ADU8=[8]: A more effective solution would involve strengthening tenant-landlord accountability through transparent contracts and regular inspections	S1 split: because. S3 split: ,but. No restatement.	Rent caps should not be imposed when changing tenants because they discourage property maintenance and reduce housing supply. Landlords need financial incentives to upkeep properties, ensuring safe and habitable living conditions. Opponents argue that rent caps protect tenants from sudden price hikes, but this overlooks the long-term consequences of reduced investment in rental stock. Without fair compensation, landlords may withdraw from the market, exacerbating housing shortages. Additionally, strict regulations can lead to black-market rentals, undermining legal protections for both parties. A more effective solution would involve strengthening tenant-landlord accountability through transparent contracts and regular inspections.	none	keep	1	e1:a1, e2:a2, e3:a3, e4:a4, e5:a5, e6:a6, e7:a7, e8:a8
72	Should public health insurance cover treatments in complementary and alternative medicine?	for	for	MATCH	yes	yes	6	8	8	no	S6 is support about cultural understanding	[1] Public health insurance should cover treatments in complementary and alternative medicine | [2] because they can provide effective care for conditions where conventional methods fall short | [3] Many patients report significant relief from therapies like acupuncture and herbal remedies | [4] which often have fewer side effects than pharmaceuticals | [5] Critics argue that these treatments lack scientific validation and could waste healthcare resources | [6] However, rigorous research is increasingly supporting their efficacy, particularly when used alongside traditional approaches | [7] Additionally, covering these options promotes patient choice and holistic well-being without compromising medical standards | [8] Expanding coverage also aligns with evolving understanding of diverse healing practices across cultures	ADU1=[1]: Public health insurance should cover treatments in complementary and alternative medicine | ADU2=[2]: because they can provide effective care for conditions where conventional methods fall short | ADU3=[3]: Many patients report significant relief from therapies like acupuncture and herbal remedies | ADU4=[4]: which often have fewer side effects than pharmaceuticals | ADU5=[5]: Critics argue that these treatments lack scientific validation and could waste healthcare resources | ADU6=[6]: However, rigorous research is increasingly supporting their efficacy, particularly when used alongside traditional approaches | ADU7=[7]: Additionally, covering these options promotes patient choice and holistic well-being without compromising medical standards | ADU8=[8]: Expanding coverage also aligns with evolving understanding of diverse healing practices across cultures	S1 split: because. S2 split: non-restrictive ,which. No restatement.	Public health insurance should cover treatments in complementary and alternative medicine because they can provide effective care for conditions where conventional methods fall short. Many patients report significant relief from therapies like acupuncture and herbal remedies, which often have fewer side effects than pharmaceuticals. Critics argue that these treatments lack scientific validation and could waste healthcare resources. However, rigorous research is increasingly supporting their efficacy, particularly when used alongside traditional approaches. Additionally, covering these options promotes patient choice and holistic well-being without compromising medical standards. Expanding coverage also aligns with evolving understanding of diverse healing practices across cultures.	none	keep	1	e1:a1, e2:a2, e3:a3, e4:a4, e5:a5, e6:a6, e7:a7, e8:a8
73	Should public health insurance cover treatments in complementary and alternative medicine?	against	against	MATCH	yes	yes	6	8	8	no	S6 is support about trust	[1] Public health insurance should not cover treatments in complementary and alternative medicine | [2] because these therapies often lack rigorous scientific validation | [3] Many practices, such as acupuncture or herbal remedies, have inconsistent evidence supporting their efficacy compared to conventional medical interventions | [4] Critics argue that patients deserve access to diverse treatment options | [5] but this overlooks the potential for waste of healthcare resources on unproven methods | [6] Furthermore, funding alternative treatments could divert essential funds from proven, life-saving care | [7] Public policy must prioritize cost-effectiveness and patient safety, which requires strict evaluation before coverage is extended | [8] Lastly, integrating alternative medicines into public programs without proper oversight risks undermining trust in the entire healthcare system	ADU1=[1]: Public health insurance should not cover treatments in complementary and alternative medicine | ADU2=[2]: because these therapies often lack rigorous scientific validation | ADU3=[3]: Many practices, such as acupuncture or herbal remedies, have inconsistent evidence supporting their efficacy compared to conventional medical interventions | ADU4=[4]: Critics argue that patients deserve access to diverse treatment options | ADU5=[5]: but this overlooks the potential for waste of healthcare resources on unproven methods | ADU6=[6]: Furthermore, funding alternative treatments could divert essential funds from proven, life-saving care | ADU7=[7]: Public policy must prioritize cost-effectiveness and patient safety, which requires strict evaluation before coverage is extended | ADU8=[8]: Lastly, integrating alternative medicines into public programs without proper oversight risks undermining trust in the entire healthcare system	S1 split: because. S3 split: ,but. No restatement.	Public health insurance should not cover treatments in complementary and alternative medicine because these therapies often lack rigorous scientific validation. Many practices, such as acupuncture or herbal remedies, have inconsistent evidence supporting their efficacy compared to conventional medical interventions. Critics argue that patients deserve access to diverse treatment options, but this overlooks the potential for waste of healthcare resources on unproven methods. Furthermore, funding alternative treatments could divert essential funds from proven, life-saving care. Public policy must prioritize cost-effectiveness and patient safety, which requires strict evaluation before coverage is extended. Lastly, integrating alternative medicines into public programs without proper oversight risks undermining trust in the entire healthcare system.	none	keep	1	e1:a1, e2:a2, e3:a3, e4:a4, e5:a5, e6:a6, e7:a7, e8:a8
74	Should public health insurance cover treatments in complementary and alternative medicine?	for	for	MATCH	yes	yes	6	9	9	no	S6 is support about patient choice	[1] Public health insurance should cover treatments in complementary and alternative medicine | [2] because they can provide effective care for conditions where conventional methods fall short | [3] These therapies often address chronic pain, mental wellness, and preventive health with fewer side effects compared to pharmaceutical interventions | [4] Critics argue that these practices lack rigorous scientific validation | [5] yet many have been used safely for centuries across diverse cultures | [6] While some studies may show limited evidence | [7] dismissing them outright ignores their potential benefits when integrated into holistic healthcare systems | [8] Additionally, covering these treatments could reduce overall healthcare costs by preventing more expensive procedures down the line | [9] Expanding coverage also supports patient choice and aligns with growing interest in personalized, integrative medical approaches	ADU1=[1]: Public health insurance should cover treatments in complementary and alternative medicine | ADU2=[2]: because they can provide effective care for conditions where conventional methods fall short | ADU3=[3]: These therapies often address chronic pain, mental wellness, and preventive health with fewer side effects compared to pharmaceutical interventions | ADU4=[4]: Critics argue that these practices lack rigorous scientific validation | ADU5=[5]: yet many have been used safely for centuries across diverse cultures | ADU6=[6]: While some studies may show limited evidence | ADU7=[7]: dismissing them outright ignores their potential benefits when integrated into holistic healthcare systems | ADU8=[8]: Additionally, covering these treatments could reduce overall healthcare costs by preventing more expensive procedures down the line | ADU9=[9]: Expanding coverage also supports patient choice and aligns with growing interest in personalized, integrative medical approaches	S1 split: because. S3 split: ,yet. S4 split: While. No restatement.	Public health insurance should cover treatments in complementary and alternative medicine because they can provide effective care for conditions where conventional methods fall short. These therapies often address chronic pain, mental wellness, and preventive health with fewer side effects compared to pharmaceutical interventions. Critics argue that these practices lack rigorous scientific validation, yet many have been used safely for centuries across diverse cultures. While some studies may show limited evidence, dismissing them outright ignores their potential benefits when integrated into holistic healthcare systems. Additionally, covering these treatments could reduce overall healthcare costs by preventing more expensive procedures down the line. Expanding coverage also supports patient choice and aligns with growing interest in personalized, integrative medical approaches.	none	keep	1	e1:a1, e2:a2, e3:a3, e4:a4, e5:a5, e6:a6, e7:a7, e8:a8, e9:a9
75	Should public health insurance cover treatments in complementary and alternative medicine?	against	against	MATCH	yes	yes	6	9	8	yes	"[9]=[1]: ""prioritize interventions with proven outcomes"" = ""should not cover...because they lack validation"""	[1] Public health insurance should not cover treatments in complementary and alternative medicine | [2] because they often lack rigorous scientific validation | [3] Many practices within this field have not undergone controlled clinical trials, raising concerns about their efficacy and safety | [4] Critics argue that patients may benefit from these therapies when conventional methods fail | [5] but such cases do not justify widespread coverage without evidence-based support | [6] Furthermore, funding for unproven treatments could divert resources from established healthcare solutions | [7] While some individuals find relief through alternative approaches | [8] integrating them into public health systems risks undermining medical standards | [9] Public funds should prioritize interventions with proven outcomes over those based on anecdotal success	ADU1=[1]=[9]: Public health insurance should not cover treatments in complementary and alternative medicine (restatement merged) | ADU2=[2]: because they often lack rigorous scientific validation | ADU3=[3]: Many practices within this field have not undergone controlled clinical trials, raising concerns about their efficacy and safety | ADU4=[4]: Critics argue that patients may benefit from these therapies when conventional methods fail | ADU5=[5]: but such cases do not justify widespread coverage without evidence-based support | ADU6=[6]: Furthermore, funding for unproven treatments could divert resources from established healthcare solutions | ADU7=[7]: While some individuals find relief through alternative approaches | ADU8=[8]: integrating them into public health systems risks undermining medical standards	S1 split: because. S3 split: ,but. S5 split: While. Restatement: prioritize proven = not cover unvalidated.	Public health insurance should not cover treatments in complementary and alternative medicine because they often lack rigorous scientific validation. Many practices within this field have not undergone controlled clinical trials, raising concerns about their efficacy and safety. Critics argue that patients may benefit from these therapies when conventional methods fail, but such cases do not justify widespread coverage without evidence-based support. Furthermore, funding for unproven treatments could divert resources from established healthcare solutions. While some individuals find relief through alternative approaches, integrating them into public health systems risks undermining medical standards. Public funds should prioritize interventions with proven outcomes over those based on anecdotal success.	none	keep	1	e1:a1, e2:a2, e3:a3, e4:a4, e5:a5, e6:a6, e7:a7, e8:a8, e9:a1
76	Should public health insurance cover treatments in complementary and alternative medicine?	for	for	MATCH	yes	yes	6	7	7	no	S6 is support about innovation	[1] Public health insurance should cover treatments in complementary and alternative medicine | [2] because they can provide effective care for conditions where conventional methods fall short | [3] These therapies often offer holistic benefits that improve patient well-being beyond symptom management | [4] Critics argue that many alternative treatments lack rigorous scientific validation, which could lead to ineffective or unsafe interventions | [5] However, dismissing these practices outright ignores the growing body of evidence supporting their efficacy in certain contexts | [6] Additionally, equitable access to diverse treatment options is essential for meeting individual healthcare needs | [7] Integrating complementary approaches into public coverage also encourages innovation and promotes a more inclusive approach to medical research	ADU1=[1]: Public health insurance should cover treatments in complementary and alternative medicine | ADU2=[2]: because they can provide effective care for conditions where conventional methods fall short | ADU3=[3]: These therapies often offer holistic benefits that improve patient well-being beyond symptom management | ADU4=[4]: Critics argue that many alternative treatments lack rigorous scientific validation, which could lead to ineffective or unsafe interventions | ADU5=[5]: However, dismissing these practices outright ignores the growing body of evidence supporting their efficacy in certain contexts | ADU6=[6]: Additionally, equitable access to diverse treatment options is essential for meeting individual healthcare needs | ADU7=[7]: Integrating complementary approaches into public coverage also encourages innovation and promotes a more inclusive approach to medical research	S1 split: because. S3: ,which inside attribution, kept together. No restatement.	Public health insurance should cover treatments in complementary and alternative medicine because they can provide effective care for conditions where conventional methods fall short. These therapies often offer holistic benefits that improve patient well-being beyond symptom management. Critics argue that many alternative treatments lack rigorous scientific validation, which could lead to ineffective or unsafe interventions. However, dismissing these practices outright ignores the growing body of evidence supporting their efficacy in certain contexts. Additionally, equitable access to diverse treatment options is essential for meeting individual healthcare needs. Integrating complementary approaches into public coverage also encourages innovation and promotes a more inclusive approach to medical research.	none	keep	1	e1:a1, e2:a2, e3:a3, e4:a4, e5:a5, e6:a6, e7:a7
77	Should public health insurance cover treatments in complementary and alternative medicine?	against	against	MATCH	yes	yes	6	8	7	yes	"[8]=[1]: ""prioritize interventions with established therapeutic value"" = ""should not cover"""	[1] Public health insurance should not cover treatments in complementary and alternative medicine | [2] because these practices often lack rigorous scientific validation | [3] Many CAM therapies have not undergone clinical trials comparable to those required for conventional medical treatments, raising concerns about their efficacy and safety | [4] Critics argue that funding CAM could divert resources from proven healthcare solutions, potentially harming patients who rely on evidence-based care | [5] While some individuals report benefits from these treatments | [6] this does not establish them as medically valid alternatives | [7] Additionally, coverage may lead to increased healthcare costs without corresponding improvements in patient outcomes | [8] Public funds should prioritize interventions with established therapeutic value over unproven methods	ADU1=[1]=[8]: Public health insurance should not cover treatments in complementary and alternative medicine (restatement merged) | ADU2=[2]: because these practices often lack rigorous scientific validation | ADU3=[3]: Many CAM therapies have not undergone clinical trials comparable to those required for conventional medical treatments, raising concerns about their efficacy and safety | ADU4=[4]: Critics argue that funding CAM could divert resources from proven healthcare solutions, potentially harming patients who rely on evidence-based care | ADU5=[5]: While some individuals report benefits from these treatments | ADU6=[6]: this does not establish them as medically valid alternatives | ADU7=[7]: Additionally, coverage may lead to increased healthcare costs without corresponding improvements in patient outcomes	S1 split: because. S4 split: While. Restatement: prioritize established value = not cover.	Public health insurance should not cover treatments in complementary and alternative medicine because these practices often lack rigorous scientific validation. Many CAM therapies have not undergone clinical trials comparable to those required for conventional medical treatments, raising concerns about their efficacy and safety. Critics argue that funding CAM could divert resources from proven healthcare solutions, potentially harming patients who rely on evidence-based care. While some individuals report benefits from these treatments, this does not establish them as medically valid alternatives. Additionally, coverage may lead to increased healthcare costs without corresponding improvements in patient outcomes. Public funds should prioritize interventions with established therapeutic value over unproven methods.	none	keep	1	e1:a1, e2:a2, e3:a3, e4:a4, e5:a5, e6:a6, e7:a7, e8:a1
78	Should public health insurance cover treatments in complementary and alternative medicine?	for	for	MATCH	yes	yes	6	7	7	no	S6 is support about cultural relevance	[1] Public health insurance should cover treatments in complementary and alternative medicine | [2] because they can provide effective care for conditions where conventional methods fall short | [3] These therapies often offer holistic benefits and may reduce reliance on pharmaceuticals, thereby lowering overall healthcare costs | [4] Critics argue that many alternative treatments lack scientific validation, which could lead to ineffective or harmful outcomes | [5] However, evidence-based integration of these practices into mainstream medicine is already occurring through rigorous research and clinical trials | [6] Additionally, patient autonomy and access to diverse treatment options enhance individualized care | [7] Cultural relevance and historical usage further justify their inclusion within comprehensive public health frameworks	ADU1=[1]: Public health insurance should cover treatments in complementary and alternative medicine | ADU2=[2]: because they can provide effective care for conditions where conventional methods fall short | ADU3=[3]: These therapies often offer holistic benefits and may reduce reliance on pharmaceuticals, thereby lowering overall healthcare costs | ADU4=[4]: Critics argue that many alternative treatments lack scientific validation, which could lead to ineffective or harmful outcomes | ADU5=[5]: However, evidence-based integration of these practices into mainstream medicine is already occurring through rigorous research and clinical trials | ADU6=[6]: Additionally, patient autonomy and access to diverse treatment options enhance individualized care | ADU7=[7]: Cultural relevance and historical usage further justify their inclusion within comprehensive public health frameworks	S1 split: because. S3: ,which inside attribution, kept. No restatement.	Public health insurance should cover treatments in complementary and alternative medicine because they can provide effective care for conditions where conventional methods fall short. These therapies often offer holistic benefits and may reduce reliance on pharmaceuticals, thereby lowering overall healthcare costs. Critics argue that many alternative treatments lack scientific validation, which could lead to ineffective or harmful outcomes. However, evidence-based integration of these practices into mainstream medicine is already occurring through rigorous research and clinical trials. Additionally, patient autonomy and access to diverse treatment options enhance individualized care. Cultural relevance and historical usage further justify their inclusion within comprehensive public health frameworks.	none	keep	1	e1:a1, e2:a2, e3:a3, e4:a4, e5:a5, e6:a6, e7:a7
79	Should public health insurance cover treatments in complementary and alternative medicine?	against	against	MATCH	yes	yes	6	8	8	no	S6 is support about trust	[1] Public health insurance should not cover treatments in complementary and alternative medicine | [2] because these practices often lack scientific validation and can delay effective conventional care | [3] Many alternative therapies have not undergone rigorous clinical trials to prove their efficacy or safety | [4] Opponents argue that patients deserve access to diverse treatment options | [5] but this overlooks the potential risks of endorsing unproven methods | [6] Furthermore, allocating healthcare resources to unverified treatments could divert funding from evidence-based interventions that save lives | [7] Insurers must prioritize cost-effective solutions that align with established medical standards | [8] Lastly, integrating non-scientific approaches into public health systems may erode trust in the broader healthcare framework	ADU1=[1]: Public health insurance should not cover treatments in complementary and alternative medicine | ADU2=[2]: because these practices often lack scientific validation and can delay effective conventional care | ADU3=[3]: Many alternative therapies have not undergone rigorous clinical trials to prove their efficacy or safety | ADU4=[4]: Opponents argue that patients deserve access to diverse treatment options | ADU5=[5]: but this overlooks the potential risks of endorsing unproven methods | ADU6=[6]: Furthermore, allocating healthcare resources to unverified treatments could divert funding from evidence-based interventions that save lives | ADU7=[7]: Insurers must prioritize cost-effective solutions that align with established medical standards | ADU8=[8]: Lastly, integrating non-scientific approaches into public health systems may erode trust in the broader healthcare framework	S1 split: because. S3 split: ,but. No restatement.	Public health insurance should not cover treatments in complementary and alternative medicine because these practices often lack scientific validation and can delay effective conventional care. Many alternative therapies have not undergone rigorous clinical trials to prove their efficacy or safety. Opponents argue that patients deserve access to diverse treatment options, but this overlooks the potential risks of endorsing unproven methods. Furthermore, allocating healthcare resources to unverified treatments could divert funding from evidence-based interventions that save lives. Insurers must prioritize cost-effective solutions that align with established medical standards. Lastly, integrating non-scientific approaches into public health systems may erode trust in the broader healthcare framework.	none	keep	1	e1:a1, e2:a2, e3:a3, e4:a4, e5:a5, e6:a6, e7:a7, e8:a8
80	Should shopping malls generally be allowed to open on holidays and Sundays?	for	for	MATCH	yes	yes	6	7	7	no	S6 is support about adaptability	[1] Shopping malls should generally be allowed to open on holidays and Sundays | [2] Allowing mall operations during these times supports consumer choice and economic activity by providing convenient access to goods and services | [3] Critics argue that closing malls on weekends promotes rest and community well-being | [4] but this overlooks the diverse needs of individuals who may require retail access even on days traditionally associated with leisure | [5] Retailers also benefit from extended operating hours, which can enhance profitability and job opportunities | [6] Additionally, modern consumers increasingly value flexibility, making holiday and Sunday openings more relevant than ever | [7] This adaptability aligns with evolving societal norms and expectations around commerce and personal time management	ADU1=[1]: Shopping malls should generally be allowed to open on holidays and Sundays | ADU2=[2]: Allowing mall operations during these times supports consumer choice and economic activity by providing convenient access to goods and services | ADU3=[3]: Critics argue that closing malls on weekends promotes rest and community well-being | ADU4=[4]: but this overlooks the diverse needs of individuals who may require retail access even on days traditionally associated with leisure | ADU5=[5]: Retailers also benefit from extended operating hours, which can enhance profitability and job opportunities | ADU6=[6]: Additionally, modern consumers increasingly value flexibility, making holiday and Sunday openings more relevant than ever | ADU7=[7]: This adaptability aligns with evolving societal norms and expectations around commerce and personal time management	S3 split: ,but. S4 ,which kept (elaborates benefit). No restatement.	Shopping malls should generally be allowed to open on holidays and Sundays. Allowing mall operations during these times supports consumer choice and economic activity by providing convenient access to goods and services. Critics argue that closing malls on weekends promotes rest and community well-being, but this overlooks the diverse needs of individuals who may require retail access even on days traditionally associated with leisure. Retailers also benefit from extended operating hours, which can enhance profitability and job opportunities. Additionally, modern consumers increasingly value flexibility, making holiday and Sunday openings more relevant than ever. This adaptability aligns with evolving societal norms and expectations around commerce and personal time management.	none	keep	1	e1:a1, e2:a2, e3:a3, e4:a4, e5:a5, e6:a6, e7:a7
81	Should shopping malls generally be allowed to open on holidays and Sundays?	against	against	MATCH	yes	yes	6	8	7	yes	"[8]=[1]: ""enforcing closures on key days"" = ""should not be allowed to operate"""	[1] Shopping malls should not be allowed to operate on holidays and Sundays | [2] Allowing them to remain open during these times disrupts community traditions and overburdens employees who may already have limited rest days | [3] Critics argue that businesses need flexibility to generate revenue year-round | [4] but this prioritizes commercial interests over public well-being | [5] Additionally, extended operating hours can lead to increased traffic and environmental strain in local areas | [6] While some contend that consumer demand justifies continuous availability | [7] this overlooks the importance of balanced leisure time for individuals and families | [8] Ultimately, enforcing closures on key days fosters healthier work-life balance and supports cultural continuity	ADU1=[1]=[8]: Shopping malls should not be allowed to operate on holidays and Sundays (restatement merged) | ADU2=[2]: Allowing them to remain open during these times disrupts community traditions and overburdens employees who may already have limited rest days | ADU3=[3]: Critics argue that businesses need flexibility to generate revenue year-round | ADU4=[4]: but this prioritizes commercial interests over public well-being | ADU5=[5]: Additionally, extended operating hours can lead to increased traffic and environmental strain in local areas | ADU6=[6]: While some contend that consumer demand justifies continuous availability | ADU7=[7]: this overlooks the importance of balanced leisure time for individuals and families	S3 split: ,but. S5 split: While. Restatement: enforcing closures = not allowed.	Shopping malls should not be allowed to operate on holidays and Sundays. Allowing them to remain open during these times disrupts community traditions and overburdens employees who may already have limited rest days. Critics argue that businesses need flexibility to generate revenue year-round, but this prioritizes commercial interests over public well-being. Additionally, extended operating hours can lead to increased traffic and environmental strain in local areas. While some contend that consumer demand justifies continuous availability, this overlooks the importance of balanced leisure time for individuals and families. Ultimately, enforcing closures on key days fosters healthier work-life balance and supports cultural continuity.	none	keep	1	e1:a1, e2:a2, e3:a3, e4:a4, e5:a5, e6:a6, e7:a7, e8:a1
82	Should shopping malls generally be allowed to open on holidays and Sundays?	for	for	MATCH	yes	yes	6	6	6	no	No restatement	[1] Shopping malls should generally be allowed to open on holidays and Sundays | [2] Allowing mall operations during these times supports economic activity by enabling consumers to shop conveniently throughout the week | [3] This convenience can also benefit local businesses by increasing foot traffic and consumer spending | [4] Some argue that closing malls on religious or cultural days respects community values and traditions | [5] However, many communities have diverse beliefs, and mandating closures could disproportionately affect those who do not observe such practices | [6] Additionally, flexible hours can help workers with varying schedules balance their personal and professional lives more effectively	ADU1=[1]: Shopping malls should generally be allowed to open on holidays and Sundays | ADU2=[2]: Allowing mall operations during these times supports economic activity by enabling consumers to shop conveniently throughout the week | ADU3=[3]: This convenience can also benefit local businesses by increasing foot traffic and consumer spending | ADU4=[4]: Some argue that closing malls on religious or cultural days respects community values and traditions | ADU5=[5]: However, many communities have diverse beliefs, and mandating closures could disproportionately affect those who do not observe such practices | ADU6=[6]: Additionally, flexible hours can help workers with varying schedules balance their personal and professional lives more effectively	1:1 sentence-to-EDU. No restatement.	Shopping malls should generally be allowed to open on holidays and Sundays. Allowing mall operations during these times supports economic activity by enabling consumers to shop conveniently throughout the week. This convenience can also benefit local businesses by increasing foot traffic and consumer spending. Some argue that closing malls on religious or cultural days respects community values and traditions. However, many communities have diverse beliefs, and mandating closures could disproportionately affect those who do not observe such practices. Additionally, flexible hours can help workers with varying schedules balance their personal and professional lives more effectively.	none	keep	1	e1:a1, e2:a2, e3:a3, e4:a4, e5:a5, e6:a6
83	Should shopping malls generally be allowed to open on holidays and Sundays?	against	against	MATCH	yes	yes	6	8	7	yes	"[8]=[1]: ""closing malls on holidays and Sundays fosters healthier communities"" = ""should not be allowed"""	[1] Shopping malls should not generally be allowed to open on holidays and Sundays | [2] Allowing extended operating hours during these times can disrupt community traditions and place undue stress on workers who already face long shifts | [3] Critics argue that businesses need flexibility to generate revenue | [4] but this prioritizes commercial interests over public well-being | [5] While some may claim holiday commerce benefits local economies | [6] it often comes at the cost of social cohesion and employee welfare | [7] Additionally, encouraging consumption on days meant for rest and family time promotes unhealthy habits and undermines cultural values | [8] Ultimately, closing malls on holidays and Sundays fosters healthier communities and respects individual needs	ADU1=[1]=[8]: Shopping malls should not generally be allowed to open on holidays and Sundays (restatement merged) | ADU2=[2]: Allowing extended operating hours during these times can disrupt community traditions and place undue stress on workers who already face long shifts | ADU3=[3]: Critics argue that businesses need flexibility to generate revenue | ADU4=[4]: but this prioritizes commercial interests over public well-being | ADU5=[5]: While some may claim holiday commerce benefits local economies | ADU6=[6]: it often comes at the cost of social cohesion and employee welfare | ADU7=[7]: Additionally, encouraging consumption on days meant for rest and family time promotes unhealthy habits and undermines cultural values	S3 split: ,but. S4 split: While. Restatement: closing malls = not allowed.	Shopping malls should not generally be allowed to open on holidays and Sundays. Allowing extended operating hours during these times can disrupt community traditions and place undue stress on workers who already face long shifts. Critics argue that businesses need flexibility to generate revenue, but this prioritizes commercial interests over public well-being. While some may claim holiday commerce benefits local economies, it often comes at the cost of social cohesion and employee welfare. Additionally, encouraging consumption on days meant for rest and family time promotes unhealthy habits and undermines cultural values. Ultimately, closing malls on holidays and Sundays fosters healthier communities and respects individual needs.	none	keep	1	e1:a1, e2:a2, e3:a3, e4:a4, e5:a5, e6:a6, e7:a7, e8:a1
84	Should shopping malls generally be allowed to open on holidays and Sundays?	for	for	MATCH	yes	yes	5	6	6	no	No restatement	[1] Shopping malls should generally be allowed to open on holidays and Sundays | [2] Allowing mall operations during these times supports consumer choice and stimulates local economies through increased spending | [3] Critics argue that opening on religious days infringes on cultural traditions | [4] but many holidays are secular and widely observed regardless of faith | [5] Furthermore, businesses often adapt their hours to accommodate diverse schedules without compromising community values | [6] Finally, flexible operating hours can also help reduce weekday congestion by spreading out customer traffic more evenly throughout the week	ADU1=[1]: Shopping malls should generally be allowed to open on holidays and Sundays | ADU2=[2]: Allowing mall operations during these times supports consumer choice and stimulates local economies through increased spending | ADU3=[3]: Critics argue that opening on religious days infringes on cultural traditions | ADU4=[4]: but many holidays are secular and widely observed regardless of faith | ADU5=[5]: Furthermore, businesses often adapt their hours to accommodate diverse schedules without compromising community values | ADU6=[6]: Finally, flexible operating hours can also help reduce weekday congestion by spreading out customer traffic more evenly throughout the week	5 sentences. S3 split: ,but. No restatement.	Shopping malls should generally be allowed to open on holidays and Sundays. Allowing mall operations during these times supports consumer choice and stimulates local economies through increased spending. Critics argue that opening on religious days infringes on cultural traditions, but many holidays are secular and widely observed regardless of faith. Furthermore, businesses often adapt their hours to accommodate diverse schedules without compromising community values. Finally, flexible operating hours can also help reduce weekday congestion by spreading out customer traffic more evenly throughout the week.	none	keep	1	e1:a1, e2:a2, e3:a3, e4:a4, e5:a5, e6:a6
85	Should shopping malls generally be allowed to open on holidays and Sundays?	against	against	MATCH	yes	yes	6	8	7	yes	"[8]=[1]: ""restricting mall operations on key days"" = ""should not be allowed"""	[1] Shopping malls should not generally be allowed to open on holidays and Sundays | [2] Allowing them to operate during these times disrupts family time and community traditions, prioritizing commercial interests over social well-being | [3] Critics argue that businesses need operational flexibility to remain competitive | [4] but this justification overlooks the broader impact on public life and mental health | [5] While some may see holiday hours as beneficial for economic growth | [6] they often lead to increased stress and reduced leisure opportunities for many | [7] Furthermore, opening on Sundays can contribute to longer workweeks and unsustainable consumer habits | [8] Ultimately, restricting mall operations on key days fosters healthier communities and preserves cultural practices	ADU1=[1]=[8]: Shopping malls should not generally be allowed to open on holidays and Sundays (restatement merged) | ADU2=[2]: Allowing them to operate during these times disrupts family time and community traditions, prioritizing commercial interests over social well-being | ADU3=[3]: Critics argue that businesses need operational flexibility to remain competitive | ADU4=[4]: but this justification overlooks the broader impact on public life and mental health | ADU5=[5]: While some may see holiday hours as beneficial for economic growth | ADU6=[6]: they often lead to increased stress and reduced leisure opportunities for many | ADU7=[7]: Furthermore, opening on Sundays can contribute to longer workweeks and unsustainable consumer habits	S3 split: ,but. S4 split: While. Restatement: restricting = not allowed.	Shopping malls should not generally be allowed to open on holidays and Sundays. Allowing them to operate during these times disrupts family time and community traditions, prioritizing commercial interests over social well-being. Critics argue that businesses need operational flexibility to remain competitive, but this justification overlooks the broader impact on public life and mental health. While some may see holiday hours as beneficial for economic growth, they often lead to increased stress and reduced leisure opportunities for many. Furthermore, opening on Sundays can contribute to longer workweeks and unsustainable consumer habits. Ultimately, restricting mall operations on key days fosters healthier communities and preserves cultural practices.	none	keep	1	e1:a1, e2:a2, e3:a3, e4:a4, e5:a5, e6:a6, e7:a7, e8:a1
86	Should shopping malls generally be allowed to open on holidays and Sundays?	for	for	MATCH	yes	yes	6	7	7	no	S6 is support about inclusivity	[1] Shopping malls should generally be allowed to open on holidays and Sundays | [2] Allowing mall openings during these days supports local economies by providing employment opportunities and boosting consumer spending | [3] Critics argue that this practice disrupts family time and religious observance | [4] but many activities can still occur without compromising personal values | [5] Additionally, flexible hours accommodate diverse schedules and reduce pressure on weekday retail operations | [6] Malls could further enhance community engagement by offering cultural events and educational programs alongside commercial services | [7] This approach fosters inclusivity while maintaining economic vitality	ADU1=[1]: Shopping malls should generally be allowed to open on holidays and Sundays | ADU2=[2]: Allowing mall openings during these days supports local economies by providing employment opportunities and boosting consumer spending | ADU3=[3]: Critics argue that this practice disrupts family time and religious observance | ADU4=[4]: but many activities can still occur without compromising personal values | ADU5=[5]: Additionally, flexible hours accommodate diverse schedules and reduce pressure on weekday retail operations | ADU6=[6]: Malls could further enhance community engagement by offering cultural events and educational programs alongside commercial services | ADU7=[7]: This approach fosters inclusivity while maintaining economic vitality	S3 split: ,but. S6 while=simultaneous, kept. No restatement.	Shopping malls should generally be allowed to open on holidays and Sundays. Allowing mall openings during these days supports local economies by providing employment opportunities and boosting consumer spending. Critics argue that this practice disrupts family time and religious observance, but many activities can still occur without compromising personal values. Additionally, flexible hours accommodate diverse schedules and reduce pressure on weekday retail operations. Malls could further enhance community engagement by offering cultural events and educational programs alongside commercial services. This approach fosters inclusivity while maintaining economic vitality.	none	keep	1	e1:a1, e2:a2, e3:a3, e4:a4, e5:a5, e6:a6, e7:a7
87	Should shopping malls generally be allowed to open on holidays and Sundays?	against	against	MATCH	yes	yes	7	7	7	no	S7 is alternative proposal	[1] Shopping malls should not generally be allowed to open on holidays and Sundays | [2] Allowing them to operate during these times prioritizes commercial interests over public well-being and cultural traditions | [3] Many people use holidays for rest, family time, and religious observance, which can be disrupted by mall activities | [4] Opponents argue that extended operating hours boost local economies and provide convenience | [5] However, this economic benefit does not justify compromising communal values or personal downtime | [6] Additionally, increased consumer spending during these periods often leads to unsustainable debt and environmental strain | [7] Retailers could instead focus on promoting responsible consumption and supporting community-based businesses	ADU1=[1]: Shopping malls should not generally be allowed to open on holidays and Sundays | ADU2=[2]: Allowing them to operate during these times prioritizes commercial interests over public well-being and cultural traditions | ADU3=[3]: Many people use holidays for rest, family time, and religious observance, which can be disrupted by mall activities | ADU4=[4]: Opponents argue that extended operating hours boost local economies and provide convenience | ADU5=[5]: However, this economic benefit does not justify compromising communal values or personal downtime | ADU6=[6]: Additionally, increased consumer spending during these periods often leads to unsustainable debt and environmental strain | ADU7=[7]: Retailers could instead focus on promoting responsible consumption and supporting community-based businesses	7 sentences. 1:1 sentence-to-EDU. No restatement: S7 is alternative.	Shopping malls should not generally be allowed to open on holidays and Sundays. Allowing them to operate during these times prioritizes commercial interests over public well-being and cultural traditions. Many people use holidays for rest, family time, and religious observance, which can be disrupted by mall activities. Opponents argue that extended operating hours boost local economies and provide convenience. However, this economic benefit does not justify compromising communal values or personal downtime. Additionally, increased consumer spending during these periods often leads to unsustainable debt and environmental strain. Retailers could instead focus on promoting responsible consumption and supporting community-based businesses.	none	keep	1	e1:a1, e2:a2, e3:a3, e4:a4, e5:a5, e6:a6, e7:a7
88	Should the EU exert influence on the political events in Ukraine?	for	for	MATCH	yes	yes	5	6	5	yes	"[6]=[1]: ""fostering closer integration"" = ""should exert influence"""	[1] The European Union should exert influence on the political events in Ukraine to promote stability, security, and democratic values within its neighborhood | [2] By supporting Ukrainian sovereignty and territorial integrity, the EU can help prevent external interference and ensure peaceful resolution of conflicts | [3] Critics argue that intervening in Ukraine's domestic affairs violates national sovereignty | [4] but this overlooks the EU's responsibility to uphold collective security and human rights | [5] Moreover, historical ties and shared democratic principles justify active engagement in shaping Ukraine's future | [6] Ultimately, fostering closer integration with Europe enhances Ukraine's prospects for long-term prosperity and resilience	ADU1=[1]=[6]: The European Union should exert influence on the political events in Ukraine to promote stability, security, and democratic values within its neighborhood (restatement merged) | ADU2=[2]: By supporting Ukrainian sovereignty and territorial integrity, the EU can help prevent external interference and ensure peaceful resolution of conflicts | ADU3=[3]: Critics argue that intervening in Ukraine's domestic affairs violates national sovereignty | ADU4=[4]: but this overlooks the EU's responsibility to uphold collective security and human rights | ADU5=[5]: Moreover, historical ties and shared democratic principles justify active engagement in shaping Ukraine's future	5 sentences. S3 split: ,but. Restatement: closer integration = exert influence.	The European Union should exert influence on the political events in Ukraine to promote stability, security, and democratic values within its neighborhood. By supporting Ukrainian sovereignty and territorial integrity, the EU can help prevent external interference and ensure peaceful resolution of conflicts. Critics argue that intervening in Ukraine's domestic affairs violates national sovereignty, but this overlooks the EU's responsibility to uphold collective security and human rights. Moreover, historical ties and shared democratic principles justify active engagement in shaping Ukraine's future. Ultimately, fostering closer integration with Europe enhances Ukraine's prospects for long-term prosperity and resilience.	none	keep	1	e1:a1, e2:a2, e3:a3, e4:a4, e5:a5, e6:a1
89	Should the EU exert influence on the political events in Ukraine?	against	against	MATCH	yes	yes	5	7	6	yes	"[7]=[1]: ""self-determination through diplomatic engagement rather than direct interference"" = ""should not exert undue influence"""	[1] The EU should not exert undue influence over Ukraine's internal political affairs | [2] Excessive external intervention risks undermining Ukraine's sovereignty and destabilizing regional dynamics | [3] Proponents argue that EU involvement promotes democratic values and stability | [4] yet this approach can impose foreign priorities on local contexts with complex historical and cultural dimensions | [5] Critics may counter that international support is necessary for Ukraine's development | [6] but reliance on external guidance often leads to policy misalignment and diminished national agency | [7] Ultimately, fostering self-determination through diplomatic engagement rather than direct interference would better serve long-term peace and cooperation	ADU1=[1]=[7]: The EU should not exert undue influence over Ukraine's internal political affairs (restatement merged) | ADU2=[2]: Excessive external intervention risks undermining Ukraine's sovereignty and destabilizing regional dynamics | ADU3=[3]: Proponents argue that EU involvement promotes democratic values and stability | ADU4=[4]: yet this approach can impose foreign priorities on local contexts with complex historical and cultural dimensions | ADU5=[5]: Critics may counter that international support is necessary for Ukraine's development | ADU6=[6]: but reliance on external guidance often leads to policy misalignment and diminished national agency	5 sentences. S3 split: ,yet. S4 split: ,but. Restatement.	The EU should not exert undue influence over Ukraine's internal political affairs. Excessive external intervention risks undermining Ukraine's sovereignty and destabilizing regional dynamics. Proponents argue that EU involvement promotes democratic values and stability, yet this approach can impose foreign priorities on local contexts with complex historical and cultural dimensions. Critics may counter that international support is necessary for Ukraine's development, but reliance on external guidance often leads to policy misalignment and diminished national agency. Ultimately, fostering self-determination through diplomatic engagement rather than direct interference would better serve long-term peace and cooperation.	none	keep	1	e1:a1, e2:a2, e3:a3, e4:a4, e5:a5, e6:a6, e7:a1
90	Should the EU exert influence on the political events in Ukraine?	for	for	MATCH	yes	yes	5	6	6	no	S5 is additional support about deterrence	[1] The EU should exert influence on the political events in Ukraine to promote stability and democratic values | [2] By supporting Ukrainian sovereignty and European integration, the EU can help ensure long-term security and prosperity for both regions | [3] Critics argue that external intervention risks undermining national autonomy | [4] but this concern overlooks the EU's role in fostering peaceful cooperation through dialogue and shared institutions | [5] Moreover, historical ties and collective interests justify active engagement in shaping Ukraine's future direction | [6] A stronger EU presence could also deter aggression and reinforce international norms against destabilization	ADU1=[1]: The EU should exert influence on the political events in Ukraine to promote stability and democratic values | ADU2=[2]: By supporting Ukrainian sovereignty and European integration, the EU can help ensure long-term security and prosperity for both regions | ADU3=[3]: Critics argue that external intervention risks undermining national autonomy | ADU4=[4]: but this concern overlooks the EU's role in fostering peaceful cooperation through dialogue and shared institutions | ADU5=[5]: Moreover, historical ties and collective interests justify active engagement in shaping Ukraine's future direction | ADU6=[6]: A stronger EU presence could also deter aggression and reinforce international norms against destabilization	5 sentences. S3 split: ,but. No restatement.	The EU should exert influence on the political events in Ukraine to promote stability and democratic values. By supporting Ukrainian sovereignty and European integration, the EU can help ensure long-term security and prosperity for both regions. Critics argue that external intervention risks undermining national autonomy, but this concern overlooks the EU's role in fostering peaceful cooperation through dialogue and shared institutions. Moreover, historical ties and collective interests justify active engagement in shaping Ukraine's future direction. A stronger EU presence could also deter aggression and reinforce international norms against destabilization.	none	keep	1	e1:a1, e2:a2, e3:a3, e4:a4, e5:a5, e6:a6
91	Should the EU exert influence on the political events in Ukraine?	against	against	MATCH	yes	yes	5	7	6	yes	"[7]=[1]: ""without imposing ideological frameworks"" = ""should not exert undue influence"""	[1] The EU should not exert undue influence on the political events in Ukraine | [2] Excessive external interference risks undermining Ukraine's sovereignty and complicating its path toward self-determination | [3] Proponents argue that EU involvement promotes stability and alignment with democratic values | [4] however, this perspective assumes uniformity among nations, which is unrealistic given diverse historical contexts and interests | [5] While some may contend that guidance from experienced democracies can foster development | [6] such intervention often leads to dependency rather than genuine progress | [7] Ultimately, fostering international partnerships without imposing ideological frameworks better supports sustainable peace and cooperation	ADU1=[1]=[7]: The EU should not exert undue influence on the political events in Ukraine (restatement merged) | ADU2=[2]: Excessive external interference risks undermining Ukraine's sovereignty and complicating its path toward self-determination | ADU3=[3]: Proponents argue that EU involvement promotes stability and alignment with democratic values | ADU4=[4]: however, this perspective assumes uniformity among nations, which is unrealistic given diverse historical contexts and interests | ADU5=[5]: While some may contend that guidance from experienced democracies can foster development | ADU6=[6]: such intervention often leads to dependency rather than genuine progress	5 sentences. S3 split: ; however. S4 split: While. Restatement.	The EU should not exert undue influence on the political events in Ukraine. Excessive external interference risks undermining Ukraine's sovereignty and complicating its path toward self-determination. Proponents argue that EU involvement promotes stability and alignment with democratic values; however, this perspective assumes uniformity among nations, which is unrealistic given diverse historical contexts and interests. While some may contend that guidance from experienced democracies can foster development, such intervention often leads to dependency rather than genuine progress. Ultimately, fostering international partnerships without imposing ideological frameworks better supports sustainable peace and cooperation.	none	keep	1	e1:a1, e2:a2, e3:a3, e4:a4, e5:a5, e6:a6, e7:a1
92	Should the EU exert influence on the political events in Ukraine?	for	for	MATCH	yes	yes	5	6	5	yes	"[6]=[1]: ""ensuring Ukraine's alignment with European principles"" = ""should exert influence"""	[1] The EU should exert influence on the political events in Ukraine to promote stability and align with European values | [2] By supporting democratic reforms and economic integration, the EU can foster long-term peace and security in the region | [3] Critics argue that intervening in Ukrainian politics risks undermining national sovereignty | [4] but this concern overlooks the potential consequences of instability spilling into Europe | [5] Moreover, historical ties and shared aspirations for democracy provide a strong foundation for such involvement | [6] Ultimately, ensuring Ukraine's alignment with European principles benefits both the country and the broader international community	ADU1=[1]=[6]: The EU should exert influence on the political events in Ukraine to promote stability and align with European values (restatement merged) | ADU2=[2]: By supporting democratic reforms and economic integration, the EU can foster long-term peace and security in the region | ADU3=[3]: Critics argue that intervening in Ukrainian politics risks undermining national sovereignty | ADU4=[4]: but this concern overlooks the potential consequences of instability spilling into Europe | ADU5=[5]: Moreover, historical ties and shared aspirations for democracy provide a strong foundation for such involvement	5 sentences. S3 split: ,but. Restatement.	The EU should exert influence on the political events in Ukraine to promote stability and align with European values. By supporting democratic reforms and economic integration, the EU can foster long-term peace and security in the region. Critics argue that intervening in Ukrainian politics risks undermining national sovereignty, but this concern overlooks the potential consequences of instability spilling into Europe. Moreover, historical ties and shared aspirations for democracy provide a strong foundation for such involvement. Ultimately, ensuring Ukraine's alignment with European principles benefits both the country and the broader international community.	none	keep	1	e1:a1, e2:a2, e3:a3, e4:a4, e5:a5, e6:a1
93	Should the EU exert influence on the political events in Ukraine?	against	against	MATCH	yes	yes	5	7	6	yes	"[7]=[1]: ""genuine partnerships based on mutual respect"" = ""should not exert undue influence"""	[1] The EU should not exert undue influence on the political events in Ukraine | [2] Excessive external intervention can undermine Ukraine's sovereignty and destabilize regional relations | [3] Proponents argue that European support is essential for democratic development and security | [4] however, this perspective risks justifying interference under the guise of assistance | [5] While some may contend that moral responsibility necessitates active involvement | [6] imposing conditions could provoke resistance and erode trust | [7] Ultimately, fostering genuine partnerships based on mutual respect will yield more sustainable outcomes	ADU1=[1]=[7]: The EU should not exert undue influence on the political events in Ukraine (restatement merged) | ADU2=[2]: Excessive external intervention can undermine Ukraine's sovereignty and destabilize regional relations | ADU3=[3]: Proponents argue that European support is essential for democratic development and security | ADU4=[4]: however, this perspective risks justifying interference under the guise of assistance | ADU5=[5]: While some may contend that moral responsibility necessitates active involvement | ADU6=[6]: imposing conditions could provoke resistance and erode trust	5 sentences. S3 split: ; however. S4 split: While. Restatement.	The EU should not exert undue influence on the political events in Ukraine. Excessive external intervention can undermine Ukraine's sovereignty and destabilize regional relations. Proponents argue that European support is essential for democratic development and security; however, this perspective risks justifying interference under the guise of assistance. While some may contend that moral responsibility necessitates active involvement, imposing conditions could provoke resistance and erode trust. Ultimately, fostering genuine partnerships based on mutual respect will yield more sustainable outcomes.	none	keep	1	e1:a1, e2:a2, e3:a3, e4:a4, e5:a5, e6:a6, e7:a1
94	Should the EU exert influence on the political events in Ukraine?	for	for	MATCH	yes	yes	6	7	6	yes	"[7]=[1]: ""strategic engagement supports a more secure and prosperous Europe"" = ""should exert influence"""	[1] The European Union should exert influence on the political events in Ukraine to promote stability and align with shared democratic values | [2] By supporting Ukrainian sovereignty and security, the EU can help prevent external interference and encourage reforms that benefit both nations | [3] Critics argue that intervening in internal affairs risks undermining national autonomy | [4] yet historical examples show that collective action often strengthens rather than weakens self-determination | [5] Moreover, fostering closer ties ensures long-term regional peace and economic cooperation | [6] A strong EU presence also deters aggression and reinforces international norms against territorial expansion | [7] Ultimately, strategic engagement supports a more secure and prosperous Europe	ADU1=[1]=[7]: The European Union should exert influence on the political events in Ukraine to promote stability and align with shared democratic values (restatement merged) | ADU2=[2]: By supporting Ukrainian sovereignty and security, the EU can help prevent external interference and encourage reforms that benefit both nations | ADU3=[3]: Critics argue that intervening in internal affairs risks undermining national autonomy | ADU4=[4]: yet historical examples show that collective action often strengthens rather than weakens self-determination | ADU5=[5]: Moreover, fostering closer ties ensures long-term regional peace and economic cooperation | ADU6=[6]: A strong EU presence also deters aggression and reinforces international norms against territorial expansion	6 sentences. S3 split: ,yet. Restatement.	The European Union should exert influence on the political events in Ukraine to promote stability and align with shared democratic values. By supporting Ukrainian sovereignty and security, the EU can help prevent external interference and encourage reforms that benefit both nations. Critics argue that intervening in internal affairs risks undermining national autonomy, yet historical examples show that collective action often strengthens rather than weakens self-determination. Moreover, fostering closer ties ensures long-term regional peace and economic cooperation. A strong EU presence also deters aggression and reinforces international norms against territorial expansion. Ultimately, strategic engagement supports a more secure and prosperous Europe.	none	keep	1	e1:a1, e2:a2, e3:a3, e4:a4, e5:a5, e6:a6, e7:a1
95	Should the EU exert influence on the political events in Ukraine?	against	against	MATCH	yes	yes	5	6	5	yes	"[6]=[1]: ""dialogue rather than intervention"" = ""should not exert direct influence"""	[1] The EU should not exert direct influence on Ukraine's internal political affairs | [2] Interfering in another nation's governance undermines sovereignty and can lead to unpredictable consequences | [3] Critics argue that supporting democratic reforms is justified under international law | [4] but this overlooks the potential for external involvement to destabilize local institutions | [5] Moreover, historical examples show that imposed solutions often fail without genuine grassroots support | [6] Ultimately, fostering diplomatic relations through dialogue rather than intervention promotes long-term stability and mutual respect	ADU1=[1]=[6]: The EU should not exert direct influence on Ukraine's internal political affairs (restatement merged) | ADU2=[2]: Interfering in another nation's governance undermines sovereignty and can lead to unpredictable consequences | ADU3=[3]: Critics argue that supporting democratic reforms is justified under international law | ADU4=[4]: but this overlooks the potential for external involvement to destabilize local institutions | ADU5=[5]: Moreover, historical examples show that imposed solutions often fail without genuine grassroots support	5 sentences. S3 split: ,but. Restatement: dialogue rather than intervention = not exert direct influence.	The EU should not exert direct influence on Ukraine's internal political affairs. Interfering in another nation's governance undermines sovereignty and can lead to unpredictable consequences. Critics argue that supporting democratic reforms is justified under international law, but this overlooks the potential for external involvement to destabilize local institutions. Moreover, historical examples show that imposed solutions often fail without genuine grassroots support. Ultimately, fostering diplomatic relations through dialogue rather than intervention promotes long-term stability and mutual respect.	none	keep	1	e1:a1, e2:a2, e3:a3, e4:a4, e5:a5, e6:a1
96	Should the statutory retirement age remain at 63 years in the future?	for	for	MATCH	yes	yes	6	6	6	no	S6 is alternative approach	[1] The statutory retirement age should remain at 63 years in the future | [2] Maintaining this age allows individuals sufficient time to accumulate financial security and personal development before entering retirement | [3] Critics argue that raising the retirement age could exacerbate income inequality by disadvantaging older workers who may face health challenges | [4] However, gradual adjustments can mitigate these impacts through targeted support programs | [5] Additionally, keeping the current age aligns with historical trends in workforce participation and social policy stability | [6] A more flexible approach, including phased retirement options, offers further opportunities to address evolving labor market needs	ADU1=[1] | ADU2=[2] | ADU3=[3] | ADU4=[4] | ADU5=[5] | ADU6=[6]	1:1 sentence-to-EDU. No restatement. INCOHERENT: opposition (Critics argue raising could exacerbate) agrees with proponent rather than opposing.	The statutory retirement age should remain at 63 years in the future. Maintaining this age allows individuals sufficient time to accumulate financial security and personal development before entering retirement. Critics argue that raising the retirement age could exacerbate income inequality by disadvantaging older workers who may face health challenges. However, gradual adjustments can mitigate these impacts through targeted support programs. Additionally, keeping the current age aligns with historical trends in workforce participation and social policy stability. A more flexible approach, including phased retirement options, offers further opportunities to address evolving labor market needs.	yes	discard -> incoherent: argumentation contradicts central claim (retirement age topic: ambiguous framing between keeping and raising)	1	e1:a1, e2:a2, e3:a3, e4:a4, e5:a5, e6:a6
97	Should the statutory retirement age remain at 63 years in the future?	against	against	MATCH	yes	yes	6	7	7	no	S5-S6 are alternatives	[1] The statutory retirement age should not remain at 63 years in the future | [2] Raising the retirement age would exacerbate pension fund deficits and place undue financial strain on younger workers who must support more retirees | [3] Critics argue that increasing the retirement age is necessary to sustain social security systems | [4] but this overlooks the diverse life circumstances of individuals, many of whom face health issues or caregiving responsibilities earlier in life | [5] Moreover, extending working years may discourage older employees from seeking employment due to age discrimination or lack of job flexibility | [6] A more equitable approach would involve restructuring pension policies to ensure sustainability without penalizing vulnerable groups | [7] Implementing progressive tax reforms could provide alternative revenue streams to alleviate pressure on existing systems	ADU1=[1] | ADU2=[2] | ADU3=[3] | ADU4=[4] | ADU5=[5] | ADU6=[6] | ADU7=[7]	S3 split: ,but. No restatement. INCOHERENT: S2 argues against raising but claim says should not remain at 63 (= should raise).	The statutory retirement age should not remain at 63 years in the future. Raising the retirement age would exacerbate pension fund deficits and place undue financial strain on younger workers who must support more retirees. Critics argue that increasing the retirement age is necessary to sustain social security systems, but this overlooks the diverse life circumstances of individuals, many of whom face health issues or caregiving responsibilities earlier in life. Moreover, extending working years may discourage older employees from seeking employment due to age discrimination or lack of job flexibility. A more equitable approach would involve restructuring pension policies to ensure sustainability without penalizing vulnerable groups. Implementing progressive tax reforms could provide alternative revenue streams to alleviate pressure on existing systems.	yes	discard -> incoherent: argumentation contradicts central claim (retirement age topic: ambiguous framing between keeping and raising)	1	e1:a1, e2:a2, e3:a3, e4:a4, e5:a5, e6:a6, e7:a7
98	Should the statutory retirement age remain at 63 years in the future?	for	for	MATCH	yes	yes	6	6	6	no	No restatement	[1] The statutory retirement age should remain at 63 years in the future | [2] Maintaining this age allows individuals time to accumulate sufficient savings and experience before retiring, ensuring financial stability during their post-retirement years | [3] Critics argue that raising the retirement age could exacerbate income inequality by disproportionately affecting lower-income workers who may lack adequate pensions | [4] However, policies can be designed to provide transitional support, such as enhanced early retirement benefits, which mitigate these disparities | [5] Additionally, keeping the current age aligns with historical trends and public expectations regarding career timelines | [6] Furthermore, delaying retirement can alleviate pressure on social security systems by extending workforce participation and increasing tax revenues	ADU1=[1] | ADU2=[2] | ADU3=[3] | ADU4=[4] | ADU5=[5] | ADU6=[6]	1:1 sentence-to-EDU. No restatement. INCOHERENT: S3 opposition agrees with proponent; S6 argues for raising, contradicting claim.	The statutory retirement age should remain at 63 years in the future. Maintaining this age allows individuals time to accumulate sufficient savings and experience before retiring, ensuring financial stability during their post-retirement years. Critics argue that raising the retirement age could exacerbate income inequality by disproportionately affecting lower-income workers who may lack adequate pensions. However, policies can be designed to provide transitional support, such as enhanced early retirement benefits, which mitigate these disparities. Additionally, keeping the current age aligns with historical trends and public expectations regarding career timelines. Furthermore, delaying retirement can alleviate pressure on social security systems by extending workforce participation and increasing tax revenues.	yes	discard -> incoherent: argumentation contradicts central claim (retirement age topic: ambiguous framing between keeping and raising)	1	e1:a1, e2:a2, e3:a3, e4:a4, e5:a5, e6:a6
99	Should the statutory retirement age remain at 63 years in the future?	against	against	MATCH	yes	yes	6	6	6	no	No restatement	[1] The statutory retirement age should not remain at 63 years in the future | [2] Raising the retirement age would place undue financial strain on public pension systems already struggling with demographic shifts and economic uncertainty | [3] Critics argue that increasing the retirement age could disproportionately affect older workers who may face health challenges or limited job opportunities | [4] However, these concerns can be mitigated through targeted policy adjustments, such as phased retirement options or enhanced workplace flexibility | [5] Additionally, extending working life allows individuals to contribute more directly to economies during their most productive years | [6] Furthermore, modern workforce dynamics increasingly support lifelong learning and career adaptability, making extended employment both feasible and beneficial for society	ADU1=[1] | ADU2=[2] | ADU3=[3] | ADU4=[4] | ADU5=[5] | ADU6=[6]	1:1 sentence-to-EDU. No restatement. INCOHERENT: S2 argues against raising but claim says should not remain at 63 (= should raise). S3 opposition also argues against raising.	The statutory retirement age should not remain at 63 years in the future. Raising the retirement age would place undue financial strain on public pension systems already struggling with demographic shifts and economic uncertainty. Critics argue that increasing the retirement age could disproportionately affect older workers who may face health challenges or limited job opportunities. However, these concerns can be mitigated through targeted policy adjustments, such as phased retirement options or enhanced workplace flexibility. Additionally, extending working life allows individuals to contribute more directly to economies during their most productive years. Furthermore, modern workforce dynamics increasingly support lifelong learning and career adaptability, making extended employment both feasible and beneficial for society.	yes	discard -> incoherent: argumentation contradicts central claim (retirement age topic: ambiguous framing between keeping and raising)	1	e1:a1, e2:a2, e3:a3, e4:a4, e5:a5, e6:a6
100	Should the statutory retirement age remain at 63 years in the future?	for	for	MATCH	yes	yes	6	6	6	no	No restatement	[1] The statutory retirement age should remain at 63 years in the future | [2] Keeping this age ensures financial stability for both individuals and the pension system by allowing sufficient time to accumulate necessary savings | [3] Critics argue that raising the retirement age could disadvantage older workers who may face health issues or reduced job prospects | [4] However, gradual adjustments can mitigate these impacts through targeted support programs | [5] Additionally, maintaining the current age preserves social equity by acknowledging diverse career paths and life circumstances | [6] Retaining the existing threshold also aligns with global trends that balance workforce participation with individual well-being	ADU1=[1] | ADU2=[2] | ADU3=[3] | ADU4=[4] | ADU5=[5] | ADU6=[6]	1:1 sentence-to-EDU. No restatement. INCOHERENT: opposition (Critics argue raising could disadvantage) agrees with proponent rather than opposing.	The statutory retirement age should remain at 63 years in the future. Keeping this age ensures financial stability for both individuals and the pension system by allowing sufficient time to accumulate necessary savings. Critics argue that raising the retirement age could disadvantage older workers who may face health issues or reduced job prospects. However, gradual adjustments can mitigate these impacts through targeted support programs. Additionally, maintaining the current age preserves social equity by acknowledging diverse career paths and life circumstances. Retaining the existing threshold also aligns with global trends that balance workforce participation with individual well-being.	yes	discard -> incoherent: argumentation contradicts central claim (retirement age topic: ambiguous framing between keeping and raising)	1	e1:a1, e2:a2, e3:a3, e4:a4, e5:a5, e6:a6
101	Should the statutory retirement age remain at 63 years in the future?	against	against	MATCH	yes	yes	6	6	6	no	No restatement	[1] The statutory retirement age should not remain at 63 years in the future | [2] Raising the retirement age is necessary to align with increasing life expectancy and ensure the sustainability of pension systems | [3] Critics argue that this change would disproportionately affect older workers who may face health challenges later in life | [4] However, gradual implementation alongside enhanced workplace flexibility can mitigate these concerns | [5] Moreover, delaying retirement encourages continued economic participation and reduces pressure on public resources | [6] Finally, modern career patterns show that many individuals remain active well beyond traditional retirement ages	ADU1=[1] | ADU2=[2] | ADU3=[3] | ADU4=[4] | ADU5=[5] | ADU6=[6]	1:1 sentence-to-EDU. No restatement.	The statutory retirement age should not remain at 63 years in the future. Raising the retirement age is necessary to align with increasing life expectancy and ensure the sustainability of pension systems. Critics argue that this change would disproportionately affect older workers who may face health challenges later in life. However, gradual implementation alongside enhanced workplace flexibility can mitigate these concerns. Moreover, delaying retirement encourages continued economic participation and reduces pressure on public resources. Finally, modern career patterns show that many individuals remain active well beyond traditional retirement ages.	none	keep	1	e1:a1, e2:a2, e3:a3, e4:a4, e5:a5, e6:a6
102	Should the statutory retirement age remain at 63 years in the future?	for	for	MATCH	yes	yes	6	7	7	no	S6 is additional support	[1] The statutory retirement age should remain at 63 years in the future | [2] Maintaining this age allows individuals sufficient time to accumulate financial security through employment and savings | [3] Critics argue that raising the retirement age could exclude older workers from the workforce | [4] but delaying retirement can also provide employers with more experienced laborers | [5] Additionally, keeping the current age supports social welfare systems by ensuring longer contributions before benefits begin | [6] A gradual adjustment based on life expectancy may better balance individual needs with societal demands | [7] This approach acknowledges demographic changes without abruptly disrupting established norms	ADU1=[1] | ADU2=[2] | ADU3=[3] | ADU4=[4] | ADU5=[5] | ADU6=[6] | ADU7=[7]	S3 split: ,but. No restatement. INCOHERENT: rebuttal S4 argues for raising, contradicting claim.	The statutory retirement age should remain at 63 years in the future. Maintaining this age allows individuals sufficient time to accumulate financial security through employment and savings. Critics argue that raising the retirement age could exclude older workers from the workforce, but delaying retirement can also provide employers with more experienced laborers. Additionally, keeping the current age supports social welfare systems by ensuring longer contributions before benefits begin. A gradual adjustment based on life expectancy may better balance individual needs with societal demands. This approach acknowledges demographic changes without abruptly disrupting established norms.	yes	discard -> incoherent: argumentation contradicts central claim (retirement age topic: ambiguous framing between keeping and raising)	1	e1:a1, e2:a2, e3:a3, e4:a4, e5:a5, e6:a6, e7:a7
103	Should the statutory retirement age remain at 63 years in the future?	against	against	MATCH	yes	yes	6	6	5	yes	"[6]=[1]: ""adapting retirement policies"" = ""should not remain at 63"""	[1] The statutory retirement age should not remain at 63 years in the future | [2] Raising the retirement age aligns with increasing life expectancy and workforce participation trends, ensuring sustainability of pension systems | [3] Critics argue that raising the age could disproportionately affect older workers and those in physically demanding jobs | [4] However, flexible retirement options can mitigate these impacts while promoting fairer intergenerational equity | [5] Additionally, extending working years allows individuals to accumulate more savings and reduce dependency on public support | [6] Ultimately, adapting retirement policies reflects societal progress and economic realities	ADU1=[1]=[6]: The statutory retirement age should not remain at 63 years in the future (restatement merged) | ADU2=[2] | ADU3=[3] | ADU4=[4] | ADU5=[5]	1:1 sentence-to-EDU. Restatement: adapting policies = not remain at 63.	The statutory retirement age should not remain at 63 years in the future. Raising the retirement age aligns with increasing life expectancy and workforce participation trends, ensuring sustainability of pension systems. Critics argue that raising the age could disproportionately affect older workers and those in physically demanding jobs. However, flexible retirement options can mitigate these impacts while promoting fairer intergenerational equity. Additionally, extending working years allows individuals to accumulate more savings and reduce dependency on public support. Ultimately, adapting retirement policies reflects societal progress and economic realities.	none	keep	1	e1:a1, e2:a2, e3:a3, e4:a4, e5:a5, e6:a1
104	Should Germany buy CDs with tax evader data from dubious sources?	for	against	MISMATCH	yes	yes	6	6	5	yes	"[6]=[1]: ""maintaining transparency"" = ""should not purchase"""	[1] Germany should not purchase CDs containing tax evader data from questionable origins | [2] Such actions risk undermining legal integrity and fostering corruption by legitimizing information obtained through unethical means | [3] Critics may argue that acquiring this data could lead to increased revenue recovery and justice for victims of fraud | [4] However, relying on unverified sources sets dangerous precedents that erode public trust in governmental institutions | [5] Moreover, prioritizing financial gain over ethical standards can provoke international backlash and damage diplomatic relations | [6] Ultimately, maintaining transparency and upholding moral responsibility must take precedence over potential economic benefits	ADU1=[1]=[6]: Germany should not purchase CDs containing tax evader data from questionable origins (restatement merged) | ADU2=[2] | ADU3=[3] | ADU4=[4] | ADU5=[5]	1:1 sentence-to-EDU. Restatement. MISMATCH.	Germany should not purchase CDs containing tax evader data from questionable origins. Such actions risk undermining legal integrity and fostering corruption by legitimizing information obtained through unethical means. Critics may argue that acquiring this data could lead to increased revenue recovery and justice for victims of fraud. However, relying on unverified sources sets dangerous precedents that erode public trust in governmental institutions. Moreover, prioritizing financial gain over ethical standards can provoke international backlash and damage diplomatic relations. Ultimately, maintaining transparency and upholding moral responsibility must take precedence over potential economic benefits.	none	keep -> stance relabeled from for to against	1	e1:a1, e2:a2, e3:a3, e4:a4, e5:a5, e6:a1
105	Should Germany buy CDs with tax evader data from dubious sources?	against	against	MATCH	yes	yes	6	6	6	no	No restatement	[1] Germany should not purchase CDs containing tax evader data from unreliable sources | [2] Such actions risk undermining legal integrity and public trust in judicial processes | [3] Data obtained through questionable means may lack reliability and admissibility in court proceedings | [4] Critics might argue that this method could expedite justice for victims of tax fraud | [5] However, relying on unverified information can lead to wrongful convictions and erode democratic principles | [6] Additionally, fostering relationships with illicit actors sets dangerous precedents for future law enforcement practices	ADU1=[1] | ADU2=[2] | ADU3=[3] | ADU4=[4] | ADU5=[5] | ADU6=[6]	1:1 sentence-to-EDU. No restatement.	Germany should not purchase CDs containing tax evader data from unreliable sources. Such actions risk undermining legal integrity and public trust in judicial processes. Data obtained through questionable means may lack reliability and admissibility in court proceedings. Critics might argue that this method could expedite justice for victims of tax fraud. However, relying on unverified information can lead to wrongful convictions and erode democratic principles. Additionally, fostering relationships with illicit actors sets dangerous precedents for future law enforcement practices.	none	keep	1	e1:a1, e2:a2, e3:a3, e4:a4, e5:a5, e6:a6
106	Should Germany buy CDs with tax evader data from dubious sources?	for	against	MISMATCH	yes	yes	6	6	6	no	S6 is additional support	[1] Germany should not purchase CDs containing tax evader data from dubious sources | [2] Such actions risk undermining legal integrity and perpetuating corruption by legitimizing unverified information | [3] Critics may argue that accessing this data could aid justice by exposing illicit financial activities | [4] However, relying on questionable origins compromises due process and sets dangerous precedents for accountability | [5] Furthermore, the potential damage to public trust in governmental institutions outweighs any perceived benefits | [6] This approach also risks normalizing unethical investigative methods that lack transparency and oversight	ADU1=[1] | ADU2=[2] | ADU3=[3] | ADU4=[4] | ADU5=[5] | ADU6=[6]	1:1 sentence-to-EDU. No restatement. MISMATCH.	Germany should not purchase CDs containing tax evader data from dubious sources. Such actions risk undermining legal integrity and perpetuating corruption by legitimizing unverified information. Critics may argue that accessing this data could aid justice by exposing illicit financial activities. However, relying on questionable origins compromises due process and sets dangerous precedents for accountability. Furthermore, the potential damage to public trust in governmental institutions outweighs any perceived benefits. This approach also risks normalizing unethical investigative methods that lack transparency and oversight.	none	keep -> stance relabeled from for to against	1	e1:a1, e2:a2, e3:a3, e4:a4, e5:a5, e6:a6
107	Should Germany buy CDs with tax evader data from dubious sources?	against	against	MATCH	yes	yes	6	7	7	no	S6 is additional support	[1] Germany should not purchase CDs containing tax evader data from unreliable sources | [2] Such actions risk compromising legal integrity and public trust in governmental institutions | [3] Data obtained through questionable means may lack evidentiary reliability, undermining judicial processes | [4] Critics might argue that acquiring this information could aid in exposing financial wrongdoing | [5] but relying on unverified sources can lead to wrongful accusations and erode due process rights | [6] Additionally, supporting illicit data collection sets a dangerous precedent for future investigative practices | [7] This approach also fails to address systemic issues within tax compliance frameworks effectively	ADU1=[1] | ADU2=[2] | ADU3=[3] | ADU4=[4] | ADU5=[5] | ADU6=[6] | ADU7=[7]	S4 split: ,but. No restatement.	Germany should not purchase CDs containing tax evader data from unreliable sources. Such actions risk compromising legal integrity and public trust in governmental institutions. Data obtained through questionable means may lack evidentiary reliability, undermining judicial processes. Critics might argue that acquiring this information could aid in exposing financial wrongdoing, but relying on unverified sources can lead to wrongful accusations and erode due process rights. Additionally, supporting illicit data collection sets a dangerous precedent for future investigative practices. This approach also fails to address systemic issues within tax compliance frameworks effectively.	none	keep	1	e1:a1, e2:a2, e3:a3, e4:a4, e5:a5, e6:a6, e7:a7
108	Should Germany buy CDs with tax evader data from dubious sources?	for	against	MISMATCH	yes	yes	6	8	7	yes	"[7]=[1]: ""transparency and due process must guide"" = ""should not purchase"""	[1] Germany should not purchase CDs containing tax evader data from dubious sources | [2] Such actions risk endorsing corruption and undermining legal integrity | [3] While obtaining this information might lead to increased revenue recovery | [4] it could also legitimize fraudulent practices | [5] Critics may argue that bypassing formal channels is necessary for justice | [6] but doing so sets dangerous precedents | [7] Ultimately, transparency and due process must guide any attempt to combat tax evasion | [8] A more reliable approach would involve strengthening international cooperation and improving domestic enforcement mechanisms	ADU1=[1]=[7]: Germany should not purchase CDs containing tax evader data from dubious sources (restatement merged) | ADU2=[2] | ADU3=[3] | ADU4=[4] | ADU5=[5] | ADU6=[6] | ADU7=[8]	S3 split: While. S4 split: ,but. Restatement. MISMATCH.	Germany should not purchase CDs containing tax evader data from dubious sources. Such actions risk endorsing corruption and undermining legal integrity. While obtaining this information might lead to increased revenue recovery, it could also legitimize fraudulent practices. Critics may argue that bypassing formal channels is necessary for justice, but doing so sets dangerous precedents. Ultimately, transparency and due process must guide any attempt to combat tax evasion. A more reliable approach would involve strengthening international cooperation and improving domestic enforcement mechanisms.	none	keep -> stance relabeled from for to against	1	e1:a1, e2:a2, e3:a3, e4:a4, e5:a5, e6:a6, e7:a1, e8:a7
109	Should Germany buy CDs with tax evader data from dubious sources?	against	against	MATCH	yes	yes	5	6	5	yes	"[6]=[1]: ""fostering transparency"" = ""should not purchase"""	[1] Germany should not purchase CDs containing taxpayer data from unverified sources | [2] Such actions risk compromising national security and legal integrity by engaging with potentially fraudulent entities | [3] Critics may argue that acquiring this information could aid in uncovering financial crimes | [4] but relying on dubious intermediaries undermines due process and trust in judicial systems | [5] Furthermore, the legitimacy of evidence obtained through questionable means is often contested in courtrooms across Europe | [6] Ultimately, fostering transparency and adhering to international law should take precedence over speculative intelligence gathering	ADU1=[1]=[6]: Germany should not purchase CDs containing taxpayer data from unverified sources (restatement merged) | ADU2=[2] | ADU3=[3] | ADU4=[4] | ADU5=[5]	5 sentences. S3 split: ,but. Restatement.	Germany should not purchase CDs containing taxpayer data from unverified sources. Such actions risk compromising national security and legal integrity by engaging with potentially fraudulent entities. Critics may argue that acquiring this information could aid in uncovering financial crimes, but relying on dubious intermediaries undermines due process and trust in judicial systems. Furthermore, the legitimacy of evidence obtained through questionable means is often contested in courtrooms across Europe. Ultimately, fostering transparency and adhering to international law should take precedence over speculative intelligence gathering.	none	keep	1	e1:a1, e2:a2, e3:a3, e4:a4, e5:a5, e6:a1
110	Should Germany buy CDs with tax evader data from dubious sources?	for	against	MISMATCH	yes	yes	6	6	6	no	S6 is alternative proposal	[1] Germany should not buy CDs with tax evader data from dubious sources | [2] Such actions risk legitimizing corrupt practices and undermining international trust | [3] Purchasing data from unverified origins can lead to legal uncertainties and ethical dilemmas | [4] Critics might argue that this method is necessary to combat tax evasion effectively | [5] However, relying on unreliable information could result in wrongful targeting and damage diplomatic relations | [6] Instead, Germany should prioritize transparent investigative methods supported by international cooperation	ADU1=[1] | ADU2=[2] | ADU3=[3] | ADU4=[4] | ADU5=[5] | ADU6=[6]	1:1 sentence-to-EDU. S6 alternative. No restatement. MISMATCH.	Germany should not buy CDs with tax evader data from dubious sources. Such actions risk legitimizing corrupt practices and undermining international trust. Purchasing data from unverified origins can lead to legal uncertainties and ethical dilemmas. Critics might argue that this method is necessary to combat tax evasion effectively. However, relying on unreliable information could result in wrongful targeting and damage diplomatic relations. Instead, Germany should prioritize transparent investigative methods supported by international cooperation.	none	keep -> stance relabeled from for to against	1	e1:a1, e2:a2, e3:a3, e4:a4, e5:a5, e6:a6
111	Should Germany buy CDs with tax evader data from dubious sources?	against	against	MATCH	yes	yes	6	6	5	yes	"[6]=[1]: ""prioritizing transparency and due process"" = ""should not purchase"""	[1] Germany should not purchase CDs containing tax evader data from unreliable sources | [2] Such actions risk undermining legal integrity and ethical standards by endorsing questionable investigative methods | [3] Critics may argue that acquiring this information could lead to increased revenue for public coffers | [4] However, relying on unverified data can result in wrongful convictions and erode public trust in governmental institutions | [5] Additionally, supporting clandestine operations sets dangerous precedents for future policy decisions | [6] Ultimately, prioritizing transparency and due process over illicit gains is essential for maintaining democratic values	ADU1=[1]=[6]: Germany should not purchase CDs containing tax evader data from unreliable sources (restatement merged) | ADU2=[2] | ADU3=[3] | ADU4=[4] | ADU5=[5]	1:1 sentence-to-EDU. Restatement.	Germany should not purchase CDs containing tax evader data from unreliable sources. Such actions risk undermining legal integrity and ethical standards by endorsing questionable investigative methods. Critics may argue that acquiring this information could lead to increased revenue for public coffers. However, relying on unverified data can result in wrongful convictions and erode public trust in governmental institutions. Additionally, supporting clandestine operations sets dangerous precedents for future policy decisions. Ultimately, prioritizing transparency and due process over illicit gains is essential for maintaining democratic values.	none	keep	1	e1:a1, e2:a2, e3:a3, e4:a4, e5:a5, e6:a1
112	Should the Berlin Tegel airport remain operational after the opening of the Berlin Brandenburg airport?	for	for	MATCH	yes	yes	5	7	7	no	No restatement	[1] The Berlin Tegel Airport should continue operating despite the opening of Berlin Brandenburg Airport | [2] Tegel serves a vital role in connecting regional communities with limited resources, offering more accessible routes and lower costs compared to the larger, more complex Brandenburg facility | [3] Critics argue that closing Tegel would streamline operations and reduce redundancy | [4] but this overlooks the economic and social benefits provided to local populations who rely on its services | [5] While Brandenburg may offer greater capacity | [6] its higher infrastructure costs and logistical challenges could hinder accessibility for smaller cities | [7] Maintaining both airports ensures equitable air travel options across different regions within Germany	ADU1=[1] | ADU2=[2] | ADU3=[3] | ADU4=[4] | ADU5=[5] | ADU6=[6] | ADU7=[7]	5 sentences. S3 split: ,but. S4 split: While. No restatement.	The Berlin Tegel Airport should continue operating despite the opening of Berlin Brandenburg Airport. Tegel serves a vital role in connecting regional communities with limited resources, offering more accessible routes and lower costs compared to the larger, more complex Brandenburg facility. Critics argue that closing Tegel would streamline operations and reduce redundancy, but this overlooks the economic and social benefits provided to local populations who rely on its services. While Brandenburg may offer greater capacity, its higher infrastructure costs and logistical challenges could hinder accessibility for smaller cities. Maintaining both airports ensures equitable air travel options across different regions within Germany.	none	keep	1	e1:a1, e2:a2, e3:a3, e4:a4, e5:a5, e6:a6, e7:a7
113	Should the Berlin Tegel airport remain operational after the opening of the Berlin Brandenburg airport?	against	against	MATCH	yes	yes	5	6	6	no	No restatement	[1] The Berlin Tegel Airport should close immediately upon the inauguration of Berlin Brandenburg Airport | [2] Tegel's outdated infrastructure and limited capacity cannot meet modern travel demands, making it inefficient for both passengers and airlines | [3] While some argue that closing Tegel would disrupt local employment | [4] retraining programs can transition workers to roles in the newer, more advanced terminal | [5] Additionally, consolidating resources into a single hub enhances connectivity and reduces administrative costs | [6] Finally, maintaining two airports creates unnecessary competition and complicates regional air traffic management	ADU1=[1] | ADU2=[2] | ADU3=[3] | ADU4=[4] | ADU5=[5] | ADU6=[6]	5 sentences. S3 split: While. No restatement.	The Berlin Tegel Airport should close immediately upon the inauguration of Berlin Brandenburg Airport. Tegel's outdated infrastructure and limited capacity cannot meet modern travel demands, making it inefficient for both passengers and airlines. While some argue that closing Tegel would disrupt local employment, retraining programs can transition workers to roles in the newer, more advanced terminal. Additionally, consolidating resources into a single hub enhances connectivity and reduces administrative costs. Finally, maintaining two airports creates unnecessary competition and complicates regional air traffic management.	none	keep	1	e1:a1, e2:a2, e3:a3, e4:a4, e5:a5, e6:a6
114	Should the Berlin Tegel airport remain operational after the opening of the Berlin Brandenburg airport?	for	for	MATCH	yes	yes	5	7	7	no	No restatement	[1] The Berlin Tegel Airport should remain operational despite the opening of the Berlin Brandenburg Airport | [2] While Brandenburg offers modern infrastructure and expanded capacity | [3] Tegel provides reliable service with lower costs and greater accessibility for local communities | [4] Critics argue that closing Tegel would streamline operations and reduce redundancy | [5] but this overlooks the economic impact on nearby neighborhoods reliant on its services | [6] Furthermore, maintaining both airports ensures resilience against disruptions, offering travelers alternative options during emergencies | [7] Finally, preserving Tegel supports regional connectivity and promotes equitable access to air travel across different socioeconomic groups	ADU1=[1] | ADU2=[2] | ADU3=[3] | ADU4=[4] | ADU5=[5] | ADU6=[6] | ADU7=[7]	5 sentences. S2 split: While. S3 split: ,but. No restatement.	The Berlin Tegel Airport should remain operational despite the opening of the Berlin Brandenburg Airport. While Brandenburg offers modern infrastructure and expanded capacity, Tegel provides reliable service with lower costs and greater accessibility for local communities. Critics argue that closing Tegel would streamline operations and reduce redundancy, but this overlooks the economic impact on nearby neighborhoods reliant on its services. Furthermore, maintaining both airports ensures resilience against disruptions, offering travelers alternative options during emergencies. Finally, preserving Tegel supports regional connectivity and promotes equitable access to air travel across different socioeconomic groups.	none	keep	1	e1:a1, e2:a2, e3:a3, e4:a4, e5:a5, e6:a6, e7:a7
115	Should the Berlin Tegel airport remain operational after the opening of the Berlin Brandenburg airport?	against	against	MATCH	yes	yes	6	8	8	no	S6 is support about phased closure	[1] The Berlin Tegel airport should cease operations after the opening of Berlin Brandenburg Airport | [2] Tegel's outdated infrastructure cannot match the capacity and efficiency of the newer facility | [3] Critics argue that closing Tegel would disrupt existing services and jobs | [4] but this neglects the long-term economic benefits of consolidating resources into a modern hub | [5] While some passengers may face inconvenience during the transition | [6] these costs pale compared to the systemic improvements offered by Brandenburg | [7] Additionally, maintaining two airports increases administrative complexity and environmental impact, making a unified system more sustainable in the future | [8] A phased closure allows for smoother integration and ensures minimal disruption to both travelers and local communities	ADU1=[1] | ADU2=[2] | ADU3=[3] | ADU4=[4] | ADU5=[5] | ADU6=[6] | ADU7=[7] | ADU8=[8]	S3 split: ,but. S4 split: While. No restatement.	The Berlin Tegel airport should cease operations after the opening of Berlin Brandenburg Airport. Tegel's outdated infrastructure cannot match the capacity and efficiency of the newer facility. Critics argue that closing Tegel would disrupt existing services and jobs, but this neglects the long-term economic benefits of consolidating resources into a modern hub. While some passengers may face inconvenience during the transition, these costs pale compared to the systemic improvements offered by Brandenburg. Additionally, maintaining two airports increases administrative complexity and environmental impact, making a unified system more sustainable in the future. A phased closure allows for smoother integration and ensures minimal disruption to both travelers and local communities.	none	keep	1	e1:a1, e2:a2, e3:a3, e4:a4, e5:a5, e6:a6, e7:a7, e8:a8
116	Should the Berlin Tegel airport remain operational after the opening of the Berlin Brandenburg airport?	for	for	MATCH	yes	yes	6	8	8	no	No restatement	[1] The Berlin Tegel airport should continue operating even after the completion of the Berlin Brandenburg airport | [2] While some argue that closing Tegel would streamline air traffic and reduce costs | [3] this overlooks the economic benefits Tegel brings to surrounding communities through employment and local business support | [4] Additionally, Tegel's smaller scale allows for more efficient handling of regional flights, which Brandenburg is less suited for | [5] Critics may contend that maintaining two airports creates redundancy and inefficiency | [6] however, this ignores the unique roles each plays in meeting diverse transportation needs | [7] Furthermore, preserving Tegel ensures continued connectivity for passengers who prefer shorter travel times and lower fares | [8] Finally, keeping Tegel operational supports sustainable urban development by preventing unnecessary displacement of residents and businesses	ADU1=[1] | ADU2=[2] | ADU3=[3] | ADU4=[4] | ADU5=[5] | ADU6=[6] | ADU7=[7] | ADU8=[8]	S2 split: While. S4 split: ; however. No restatement.	The Berlin Tegel airport should continue operating even after the completion of the Berlin Brandenburg airport. While some argue that closing Tegel would streamline air traffic and reduce costs, this overlooks the economic benefits Tegel brings to surrounding communities through employment and local business support. Additionally, Tegel's smaller scale allows for more efficient handling of regional flights, which Brandenburg is less suited for. Critics may contend that maintaining two airports creates redundancy and inefficiency; however, this ignores the unique roles each plays in meeting diverse transportation needs. Furthermore, preserving Tegel ensures continued connectivity for passengers who prefer shorter travel times and lower fares. Finally, keeping Tegel operational supports sustainable urban development by preventing unnecessary displacement of residents and businesses.	none	keep	1	e1:a1, e2:a2, e3:a3, e4:a4, e5:a5, e6:a6, e7:a7, e8:a8
117	Should the Berlin Tegel airport remain operational after the opening of the Berlin Brandenburg airport?	against	against	MATCH	yes	yes	5	6	6	no	No restatement	[1] The Berlin Tegel Airport should cease operations following the inauguration of Berlin Brandenburg Airport | [2] Tegel's aging infrastructure and limited capacity hinder efficient air travel compared to the modern facilities offered by Brandenburg | [3] Opponents argue that closing Tegel would disrupt local economies reliant on its services | [4] however, this disruption can be mitigated through targeted investment in regional transportation networks | [5] Moreover, consolidating resources into a single, well-equipped hub enhances overall efficiency and reduces redundancy | [6] Additionally, phasing out Tegel aligns with broader urban planning goals aimed at reducing congestion and promoting sustainable development	ADU1=[1] | ADU2=[2] | ADU3=[3] | ADU4=[4] | ADU5=[5] | ADU6=[6]	5 sentences. S3 split: ; however. No restatement.	The Berlin Tegel Airport should cease operations following the inauguration of Berlin Brandenburg Airport. Tegel's aging infrastructure and limited capacity hinder efficient air travel compared to the modern facilities offered by Brandenburg. Opponents argue that closing Tegel would disrupt local economies reliant on its services; however, this disruption can be mitigated through targeted investment in regional transportation networks. Moreover, consolidating resources into a single, well-equipped hub enhances overall efficiency and reduces redundancy. Additionally, phasing out Tegel aligns with broader urban planning goals aimed at reducing congestion and promoting sustainable development.	none	keep	1	e1:a1, e2:a2, e3:a3, e4:a4, e5:a5, e6:a6
118	Should the Berlin Tegel airport remain operational after the opening of the Berlin Brandenburg airport?	for	for	MATCH	yes	yes	5	7	7	no	No restatement	[1] The Berlin Tegel Airport should remain operational even after the opening of the Berlin Brandenburg Airport | [2] While Brandenburg offers modern facilities and expanded capacity | [3] Tegel provides essential services to local communities with lower costs and greater accessibility | [4] Opponents argue that closing Tegel would streamline operations and reduce redundancy | [5] but this overlooks the economic impact on surrounding areas reliant on its infrastructure | [6] Additionally, maintaining both airports ensures resilience against disruptions, offering backup during technical failures or crises | [7] Finally, preserving Tegel supports regional diversity in transportation options, enhancing overall mobility within the city	ADU1=[1] | ADU2=[2] | ADU3=[3] | ADU4=[4] | ADU5=[5] | ADU6=[6] | ADU7=[7]	5 sentences. S2 split: While. S3 split: ,but. No restatement.	The Berlin Tegel Airport should remain operational even after the opening of the Berlin Brandenburg Airport. While Brandenburg offers modern facilities and expanded capacity, Tegel provides essential services to local communities with lower costs and greater accessibility. Opponents argue that closing Tegel would streamline operations and reduce redundancy, but this overlooks the economic impact on surrounding areas reliant on its infrastructure. Additionally, maintaining both airports ensures resilience against disruptions, offering backup during technical failures or crises. Finally, preserving Tegel supports regional diversity in transportation options, enhancing overall mobility within the city.	none	keep	1	e1:a1, e2:a2, e3:a3, e4:a4, e5:a5, e6:a6, e7:a7
119	Should the Berlin Tegel airport remain operational after the opening of the Berlin Brandenburg airport?	against	against	MATCH	yes	yes	5	6	6	no	No restatement	[1] The Berlin Tegel airport should close immediately upon the opening of Berlin Brandenburg Airport | [2] Tegel is outdated infrastructure with limited capacity and frequent delays, making it inefficient compared to the modern facilities offered by Brandenburg | [3] Critics argue that closing Tegel would disrupt local economies reliant on its services | [4] however, these jobs can transition to more efficient sectors supported by the new airport's economic stimulus | [5] Additionally, consolidating operations reduces administrative costs and environmental impact through centralized resources | [6] A further benefit lies in improved flight connections, as Brandenburg's design allows for better international routes and reduced congestion	ADU1=[1] | ADU2=[2] | ADU3=[3] | ADU4=[4] | ADU5=[5] | ADU6=[6]	5 sentences. S3 split: ; however. No restatement.	The Berlin Tegel airport should close immediately upon the opening of Berlin Brandenburg Airport. Tegel is outdated infrastructure with limited capacity and frequent delays, making it inefficient compared to the modern facilities offered by Brandenburg. Critics argue that closing Tegel would disrupt local economies reliant on its services; however, these jobs can transition to more efficient sectors supported by the new airport's economic stimulus. Additionally, consolidating operations reduces administrative costs and environmental impact through centralized resources. A further benefit lies in improved flight connections, as Brandenburg's design allows for better international routes and reduced congestion.	none	keep	1	e1:a1, e2:a2, e3:a3, e4:a4, e5:a5, e6:a6
120	Should video games be made olympic?	for	for	MATCH	yes	yes	5	7	7	no	No restatement	[1] Video games should be made Olympic | [2] because they promote physical activity, cognitive development, and global participation | [3] Competitive gaming requires hand-eye coordination, strategic thinking, and teamwork, which align with the core values of the Olympics | [4] Critics argue that video game competitions lack the physical exertion associated with traditional sports | [5] but this overlooks the mental and social benefits that contribute equally to athletic achievement | [6] Additionally, including video games would reflect modern society's evolving understanding of athleticism and entertainment | [7] Finally, integrating video games into the Olympics could inspire younger generations to engage more deeply with both technology and sport	ADU1-7 all standard	S1 split: because. S3 split: ,but. No restatement.	Video games should be made Olympic because they promote physical activity, cognitive development, and global participation. Competitive gaming requires hand-eye coordination, strategic thinking, and teamwork, which align with the core values of the Olympics. Critics argue that video game competitions lack the physical exertion associated with traditional sports, but this overlooks the mental and social benefits that contribute equally to athletic achievement. Additionally, including video games would reflect modern society's evolving understanding of athleticism and entertainment. Finally, integrating video games into the Olympics could inspire younger generations to engage more deeply with both technology and sport.	none	keep	1	e1:a1, e2:a2, e3:a3, e4:a4, e5:a5, e6:a6, e7:a7
121	Should video games be made olympic?	against	against	MATCH	yes	yes	5	7	7	no	No restatement	[1] Video games should not be made Olympic | [2] because they lack the physicality and universal accessibility required for competitive sports | [3] Unlike traditional athletic events, gaming relies heavily on technology and individual skill sets that vary widely across cultures and socioeconomic groups | [4] Critics may argue that e-sports already have established competitions with global audiences | [5] but these often prioritize entertainment over physical health and inclusivity | [6] Furthermore, integrating video games into the Olympics could undermine the core values of athleticism and fair play | [7] Finally, the rapid evolution of game design makes it difficult to establish standardized rules that apply consistently across different platforms and regions	ADU1-7 all standard	S1 split: because. S3 split: ,but. No restatement.	Video games should not be made Olympic because they lack the physicality and universal accessibility required for competitive sports. Unlike traditional athletic events, gaming relies heavily on technology and individual skill sets that vary widely across cultures and socioeconomic groups. Critics may argue that e-sports already have established competitions with global audiences, but these often prioritize entertainment over physical health and inclusivity. Furthermore, integrating video games into the Olympics could undermine the core values of athleticism and fair play. Finally, the rapid evolution of game design makes it difficult to establish standardized rules that apply consistently across different platforms and regions.	none	keep	1	e1:a1, e2:a2, e3:a3, e4:a4, e5:a5, e6:a6, e7:a7
122	Should video games be made olympic?	for	for	MATCH	yes	yes	6	8	8	no	S6 is additional support	[1] Video games should be included in the Olympic Games | [2] They promote physical activity through motion-controlled gameplay and foster global competition similar to traditional sports | [3] Critics argue that video gaming lacks the physical exertion required for athletic excellence | [4] but modern competitive gaming involves strategic thinking, hand-eye coordination, and endurance | [5] While some may view esports as purely virtual entertainment | [6] they reflect real-world skill development and teamwork | [7] Additionally, integrating video games into the Olympics could inspire broader participation in digital culture and technological innovation | [8] This expansion would also align with evolving definitions of athleticism in contemporary society	ADU1-8 all standard	S3 split: ,but. S4 split: While. No restatement.	Video games should be included in the Olympic Games. They promote physical activity through motion-controlled gameplay and foster global competition similar to traditional sports. Critics argue that video gaming lacks the physical exertion required for athletic excellence, but modern competitive gaming involves strategic thinking, hand-eye coordination, and endurance. While some may view esports as purely virtual entertainment, they reflect real-world skill development and teamwork. Additionally, integrating video games into the Olympics could inspire broader participation in digital culture and technological innovation. This expansion would also align with evolving definitions of athleticism in contemporary society.	none	keep	1	e1:a1, e2:a2, e3:a3, e4:a4, e5:a5, e6:a6, e7:a7, e8:a8
123	Should video games be made olympic?	against	against	MATCH	yes	yes	6	7	6	yes	"[7]=[1]: ""inclusion of video games would risk undermining"" = ""should not be made Olympic"""	[1] Video games should not be made Olympic | [2] because they lack the physicality and universal accessibility required for competitive sports | [3] Unlike traditional athletic events, gaming often relies on specialized equipment and skills that are not universally attainable | [4] Critics might argue that esports have grown into a global phenomenon with substantial audiences and revenue, suggesting they deserve recognition | [5] However, this overlooks the fundamental difference between mental engagement and physical competition that defines the Olympics | [6] Furthermore, incorporating video games could dilute the cultural significance and historical legacy of the Games | [7] Ultimately, the inclusion of video games would risk undermining the core values of athleticism and international unity that the Olympics represent	ADU1=[1]=[7] restatement merged | ADU2-6 standard	S1 split: because. Restatement.	Video games should not be made Olympic because they lack the physicality and universal accessibility required for competitive sports. Unlike traditional athletic events, gaming often relies on specialized equipment and skills that are not universally attainable. Critics might argue that esports have grown into a global phenomenon with substantial audiences and revenue, suggesting they deserve recognition. However, this overlooks the fundamental difference between mental engagement and physical competition that defines the Olympics. Furthermore, incorporating video games could dilute the cultural significance and historical legacy of the Games. Ultimately, the inclusion of video games would risk undermining the core values of athleticism and international unity that the Olympics represent.	none	keep	1	e1:a1, e2:a2, e3:a3, e4:a4, e5:a5, e6:a6, e7:a1
124	Should video games be made olympic?	for	for	MATCH	yes	yes	5	6	5	yes	"[6]=[1]: ""embracing this medium aligns with evolving societal values"" = ""should be included"""	[1] Video games should be included in the Olympic Games | [2] They foster physical activity through motion-controlled sports and enhance cognitive skills via strategic gameplay | [3] Critics argue that gaming lacks the physicality required for traditional Olympism | [4] but modern competitions like eSports already demonstrate competitive rigor and global appeal | [5] Furthermore, integrating video games could attract younger audiences and promote inclusivity | [6] Ultimately, embracing this medium aligns with evolving societal values and technological advancements	ADU1=[1]=[6] restatement merged | ADU2-5 standard	S3 split: ,but. Restatement.	Video games should be included in the Olympic Games. They foster physical activity through motion-controlled sports and enhance cognitive skills via strategic gameplay. Critics argue that gaming lacks the physicality required for traditional Olympism, but modern competitions like eSports already demonstrate competitive rigor and global appeal. Furthermore, integrating video games could attract younger audiences and promote inclusivity. Ultimately, embracing this medium aligns with evolving societal values and technological advancements.	none	keep	1	e1:a1, e2:a2, e3:a3, e4:a4, e5:a5, e6:a1
125	Should video games be made olympic?	against	against	MATCH	yes	yes	6	7	6	yes	"[7]=[1]: ""inclusion would set a precedent that risks redefining sport"" = ""should not be made Olympic"""	[1] Video games should not be made Olympic | [2] because they lack the physicality and traditional athletic rigor required for competitive sports | [3] Unlike conventional events, gaming relies heavily on digital platforms and does not involve direct physical competition | [4] Opponents may argue that e-sports already have established leagues and audiences comparable to traditional sports | [5] However, these competitions often prioritize entertainment over skill development and health benefits | [6] Moreover, including video games in the Olympics could dilute the cultural significance and historical legacy of the Games | [7] Finally, the inclusion would set a precedent that risks redefining the very essence of what constitutes sport	ADU1=[1]=[7] restatement merged | ADU2-6 standard	S1 split: because. Restatement.	Video games should not be made Olympic because they lack the physicality and traditional athletic rigor required for competitive sports. Unlike conventional events, gaming relies heavily on digital platforms and does not involve direct physical competition. Opponents may argue that e-sports already have established leagues and audiences comparable to traditional sports. However, these competitions often prioritize entertainment over skill development and health benefits. Moreover, including video games in the Olympics could dilute the cultural significance and historical legacy of the Games. Finally, the inclusion would set a precedent that risks redefining the very essence of what constitutes sport.	none	keep	1	e1:a1, e2:a2, e3:a3, e4:a4, e5:a5, e6:a6, e7:a1
126	Should video games be made olympic?	for	for	MATCH	yes	no	5	6	5	yes	"[6]=[1]: ""recognizing digital competition"" = ""should be included"""	[1] Video games should be included in the Olympic Games as they promote physical activity, teamwork, and global engagement | [2] Competitive gaming requires strategic thinking, hand-eye coordination, and sustained focus—skills valued in both sports and intellectual pursuits | [3] Critics argue that esports lack the physical exertion associated with traditional athletics | [4] yet modern competitive play often involves prolonged periods of intense concentration and rapid reflexes | [5] Furthermore, integrating video games into the Olympics could inspire younger generations to pursue technology-related careers | [6] Ultimately, recognizing digital competition alongside conventional sport reflects evolving societal values and broadens the definition of athleticism	ADU1=[1]=[6] restatement merged | ADU2-5 standard	S3 split: ,yet. UNICODE: em dash in S2. Restatement.	Video games should be included in the Olympic Games as they promote physical activity, teamwork, and global engagement. Competitive gaming requires strategic thinking, hand-eye coordination, and sustained focus, skills valued in both sports and intellectual pursuits. Critics argue that esports lack the physical exertion associated with traditional athletics, yet modern competitive play often involves prolonged periods of intense concentration and rapid reflexes. Furthermore, integrating video games into the Olympics could inspire younger generations to pursue technology-related careers. Ultimately, recognizing digital competition alongside conventional sport reflects evolving societal values and broadens the definition of athleticism.	none	"keep -> encoding fixed: em dash ""->"" replaced with "", """	1	e1:a1, e2:a2, e3:a3, e4:a4, e5:a5, e6:a1
127	Should video games be made olympic?	against	against	MATCH	yes	yes	6	7	6	yes	"[7]=[1]: ""inclusion risks undermining the essence"" = ""should not be made Olympic"""	[1] Video games should not be made Olympic | [2] because they lack the universal cultural significance and physical rigor required for athletic competition | [3] Unlike traditional sports, video gaming does not involve direct physical exertion or skill development that aligns with the core values of the Olympics | [4] Opponents argue that modern technology allows for competitive excellence and global participation, which mirrors sporting achievements | [5] However, this overlooks the fundamental difference between mental engagement and physical athleticism | [6] Furthermore, incorporating video games into the Olympic framework could dilute the prestige and historical legacy of the Games | [7] Ultimately, the inclusion of video games risks undermining the essence of what makes the Olympics unique and meaningful	ADU1=[1]=[7] restatement merged | ADU2-6 standard	S1 split: because. Restatement.	Video games should not be made Olympic because they lack the universal cultural significance and physical rigor required for athletic competition. Unlike traditional sports, video gaming does not involve direct physical exertion or skill development that aligns with the core values of the Olympics. Opponents argue that modern technology allows for competitive excellence and global participation, which mirrors sporting achievements. However, this overlooks the fundamental difference between mental engagement and physical athleticism. Furthermore, incorporating video games into the Olympic framework could dilute the prestige and historical legacy of the Games. Ultimately, the inclusion of video games risks undermining the essence of what makes the Olympics unique and meaningful.	none	keep	1	e1:a1, e2:a2, e3:a3, e4:a4, e5:a5, e6:a6, e7:a1
128	Should school uniforms be worn again in our schools?	for	for	MATCH	yes	yes	6	7	7	no	No restatement	[1] Schools should reintroduce uniform policies to foster equality and reduce social divisions among students | [2] Uniforms minimize distractions caused by clothing choices and promote a focused learning environment | [3] Critics argue that uniforms infringe on personal expression and individuality | [4] but this concern can be addressed through flexible design guidelines that allow for some customization | [5] Additionally, uniforms help create a sense of community and belonging within the school culture | [6] By emphasizing shared values over superficial differences, uniforms support inclusive education without compromising student identity | [7] Furthermore, research shows that uniformed schools often experience lower rates of bullying and improved discipline	ADU1-7 standard	S3 split: ,but. No restatement.	Schools should reintroduce uniform policies to foster equality and reduce social divisions among students. Uniforms minimize distractions caused by clothing choices and promote a focused learning environment. Critics argue that uniforms infringe on personal expression and individuality, but this concern can be addressed through flexible design guidelines that allow for some customization. Additionally, uniforms help create a sense of community and belonging within the school culture. By emphasizing shared values over superficial differences, uniforms support inclusive education without compromising student identity. Furthermore, research shows that uniformed schools often experience lower rates of bullying and improved discipline.	none	keep	1	e1:a1, e2:a2, e3:a3, e4:a4, e5:a5, e6:a6, e7:a7
129	Should school uniforms be worn again in our schools?	against	against	MATCH	yes	yes	6	8	7	yes	"[8]=[1]: ""focusing on inclusive education practices"" = ""should not be reintroduced"""	[1] School uniforms should not be reintroduced in our schools | [2] They do little to enhance learning outcomes and can even hinder students' self-expression and individuality | [3] Critics argue that uniforms promote equality and reduce peer pressure | [4] but this overlooks the fact that socioeconomic disparities persist regardless of dress code policies | [5] Moreover, enforcing uniform rules often leads to increased costs for families who must purchase specialized clothing | [6] While some believe uniforms foster discipline | [7] research shows that well-implemented behavioral programs yield more consistent results | [8] Ultimately, focusing on inclusive education practices and mental health support offers a more effective path toward creating equitable learning environments	ADU1=[1]=[8] restatement merged | ADU2-7 standard	S3 split: ,but. S5 split: While. Restatement.	School uniforms should not be reintroduced in our schools. They do little to enhance learning outcomes and can even hinder students' self-expression and individuality. Critics argue that uniforms promote equality and reduce peer pressure, but this overlooks the fact that socioeconomic disparities persist regardless of dress code policies. Moreover, enforcing uniform rules often leads to increased costs for families who must purchase specialized clothing. While some believe uniforms foster discipline, research shows that well-implemented behavioral programs yield more consistent results. Ultimately, focusing on inclusive education practices and mental health support offers a more effective path toward creating equitable learning environments.	none	keep	1	e1:a1, e2:a2, e3:a3, e4:a4, e5:a5, e6:a6, e7:a7, e8:a1
130	Should school uniforms be worn again in our schools?	for	for	MATCH	yes	yes	6	8	8	no	S6 is additional support	[1] Schools should reintroduce uniform policies to foster equality and reduce peer pressure | [2] Uniforms eliminate socioeconomic disparities by ensuring all students dress alike, promoting a more inclusive environment | [3] Critics argue that uniforms stifle self-expression and individuality | [4] but this concern can be mitigated by allowing personal accessories like jewelry or scarves | [5] While some may prefer greater freedom in appearance | [6] the benefits of unity and reduced distraction outweigh these concerns | [7] Additionally, uniforms simplify morning routines and minimize conflicts over fashion choices, contributing to a more focused learning atmosphere | [8] Implementing flexible guidelines could further address concerns about creativity without compromising the core advantages of wearing school uniforms	ADU1-8 standard	S3 split: ,but. S4 split: While. No restatement.	Schools should reintroduce uniform policies to foster equality and reduce peer pressure. Uniforms eliminate socioeconomic disparities by ensuring all students dress alike, promoting a more inclusive environment. Critics argue that uniforms stifle self-expression and individuality, but this concern can be mitigated by allowing personal accessories like jewelry or scarves. While some may prefer greater freedom in appearance, the benefits of unity and reduced distraction outweigh these concerns. Additionally, uniforms simplify morning routines and minimize conflicts over fashion choices, contributing to a more focused learning atmosphere. Implementing flexible guidelines could further address concerns about creativity without compromising the core advantages of wearing school uniforms.	none	keep	1	e1:a1, e2:a2, e3:a3, e4:a4, e5:a5, e6:a6, e7:a7, e8:a8
131	Should school uniforms be worn again in our schools?	against	against	MATCH	yes	yes	6	7	6	yes	"[7]=[1]: ""investing in diverse learning environments"" = ""should not be reintroduced"""	[1] School uniforms should not be reintroduced in our schools | [2] They do little to improve educational outcomes and can even hinder students' sense of individuality and self-expression | [3] Critics argue that uniforms promote equality and reduce bullying | [4] but this overlooks the fact that true equality is fostered through inclusive policies, not enforced conformity | [5] Moreover, mandating uniform dress may disproportionately affect low-income families who face greater financial burdens in complying with rules | [6] Uniforms also fail to address deeper issues like social exclusion and peer pressure, which require more nuanced solutions | [7] Ultimately, investing in diverse learning environments that value personal identity over standardized appearance is far more effective in creating equitable education spaces	ADU1=[1]=[7] restatement merged | ADU2-6 standard	S3 split: ,but. Restatement.	School uniforms should not be reintroduced in our schools. They do little to improve educational outcomes and can even hinder students' sense of individuality and self-expression. Critics argue that uniforms promote equality and reduce bullying, but this overlooks the fact that true equality is fostered through inclusive policies, not enforced conformity. Moreover, mandating uniform dress may disproportionately affect low-income families who face greater financial burdens in complying with rules. Uniforms also fail to address deeper issues like social exclusion and peer pressure, which require more nuanced solutions. Ultimately, investing in diverse learning environments that value personal identity over standardized appearance is far more effective in creating equitable education spaces.	none	keep	1	e1:a1, e2:a2, e3:a3, e4:a4, e5:a5, e6:a6, e7:a1
132	Should school uniforms be worn again in our schools?	for	for	MATCH	yes	yes	5	6	6	no	No restatement	[1] School uniforms should be reintroduced in our schools to promote equality and reduce social pressures among students | [2] Uniforms create a more inclusive environment by minimizing distractions caused by varied clothing choices and reducing peer-based hierarchies | [3] Some argue that uniforms stifle individuality and personal expression | [4] but this concern can be addressed by allowing exceptions for cultural or religious attire | [5] Additionally, uniforms can enhance school spirit and foster a sense of community | [6] Finally, they may also contribute to improved focus and academic performance by creating a shared identity within the learning environment	ADU1-6 standard	5 sentences. S3 split: ,but. No restatement.	School uniforms should be reintroduced in our schools to promote equality and reduce social pressures among students. Uniforms create a more inclusive environment by minimizing distractions caused by varied clothing choices and reducing peer-based hierarchies. Some argue that uniforms stifle individuality and personal expression, but this concern can be addressed by allowing exceptions for cultural or religious attire. Additionally, uniforms can enhance school spirit and foster a sense of community. Finally, they may also contribute to improved focus and academic performance by creating a shared identity within the learning environment.	none	keep	1	e1:a1, e2:a2, e3:a3, e4:a4, e5:a5, e6:a6
133	Should school uniforms be worn again in our schools?	against	against	MATCH	yes	yes	5	6	5	yes	"[6]=[1]: ""investing in inclusive education practices"" = ""should not be reintroduced"""	[1] School uniforms should not be reintroduced in our schools | [2] Uniforms do little to improve student behavior or academic performance, and they can foster a sense of conformity over individuality | [3] Critics argue that uniforms promote equality by reducing socioeconomic disparities in appearance | [4] but this overlooks the fact that wealthier families may still afford higher-quality clothing regardless of uniform policies | [5] Moreover, enforcing dress codes often leads to unnecessary conflicts between students and staff | [6] Ultimately, investing in inclusive education practices that address systemic inequalities is far more effective than relying on mandatory attire	ADU1=[1]=[6] restatement merged | ADU2-5 standard	5 sentences. S3 split: ,but. Restatement.	School uniforms should not be reintroduced in our schools. Uniforms do little to improve student behavior or academic performance, and they can foster a sense of conformity over individuality. Critics argue that uniforms promote equality by reducing socioeconomic disparities in appearance, but this overlooks the fact that wealthier families may still afford higher-quality clothing regardless of uniform policies. Moreover, enforcing dress codes often leads to unnecessary conflicts between students and staff. Ultimately, investing in inclusive education practices that address systemic inequalities is far more effective than relying on mandatory attire.	none	keep	1	e1:a1, e2:a2, e3:a3, e4:a4, e5:a5, e6:a1
134	Should school uniforms be worn again in our schools?	for	for	MATCH	yes	yes	6	8	8	no	S6 is additional support	[1] Schools should reintroduce uniform policies to foster equality and reduce distractions | [2] Uniforms promote a sense of belonging and minimize socioeconomic divisions among students | [3] Critics argue that uniforms stifle individuality and creativity | [4] but this concern can be mitigated by allowing personal expression through accessories and hairstyles | [5] While some may believe uniforms limit self-expression | [6] they also provide practical benefits like improved focus and discipline | [7] Additionally, uniforms simplify morning routines and encourage peer interactions based on shared identity rather than appearance | [8] Schools can further enhance inclusivity by involving students in design decisions, ensuring compliance without compromising cultural diversity	ADU1-8 standard	S3 split: ,but. S4 split: While. No restatement.	Schools should reintroduce uniform policies to foster equality and reduce distractions. Uniforms promote a sense of belonging and minimize socioeconomic divisions among students. Critics argue that uniforms stifle individuality and creativity, but this concern can be mitigated by allowing personal expression through accessories and hairstyles. While some may believe uniforms limit self-expression, they also provide practical benefits like improved focus and discipline. Additionally, uniforms simplify morning routines and encourage peer interactions based on shared identity rather than appearance. Schools can further enhance inclusivity by involving students in design decisions, ensuring compliance without compromising cultural diversity.	none	keep	1	e1:a1, e2:a2, e3:a3, e4:a4, e5:a5, e6:a6, e7:a7, e8:a8
135	Should school uniforms be worn again in our schools?	against	against	MATCH	yes	yes	6	8	7	yes	"[8]=[1]: ""investing in inclusive education practices"" = ""should not be reintroduced"""	[1] School uniforms should not be reintroduced in our schools | [2] They do little to improve student behavior or academic performance, often enforcing conformity over individuality | [3] Critics argue that uniforms reduce distractions and promote equality | [4] but this overlooks the stifling effect they have on self-expression and creativity | [5] While some believe uniform policies can foster a sense of community | [6] research shows that socioeconomic disparities persist regardless of dress code | [7] Moreover, mandatory uniforms fail to address deeper issues like bullying and inequality, which require systemic change rather than superficial solutions | [8] Ultimately, investing in inclusive education practices would yield more meaningful benefits for students	ADU1=[1]=[8] restatement merged | ADU2-7 standard	S3 split: ,but. S4 split: While. Restatement.	School uniforms should not be reintroduced in our schools. They do little to improve student behavior or academic performance, often enforcing conformity over individuality. Critics argue that uniforms reduce distractions and promote equality, but this overlooks the stifling effect they have on self-expression and creativity. While some believe uniform policies can foster a sense of community, research shows that socioeconomic disparities persist regardless of dress code. Moreover, mandatory uniforms fail to address deeper issues like bullying and inequality, which require systemic change rather than superficial solutions. Ultimately, investing in inclusive education practices would yield more meaningful benefits for students.	none	keep	1	e1:a1, e2:a2, e3:a3, e4:a4, e5:a5, e6:a6, e7:a7, e8:a1
136	Should we continue to separate our waste for recycling?	for	for	MATCH	yes	yes	6	8	8	no	S6 is additional support	[1] We should continue to separate our waste for recycling | [2] because it significantly enhances the efficiency and effectiveness of resource recovery | [3] Separation allows recyclable materials to be processed more cleanly, reducing contamination and increasing the value of recycled products | [4] Some argue that sorting waste is burdensome and time-consuming for individuals | [5] yet these efforts can lead to long-term environmental benefits | [6] Moreover, proper separation supports sustainable manufacturing practices by decreasing raw material extraction | [7] As awareness grows about climate change impacts, investing in better recycling infrastructure becomes increasingly vital | [8] Continued education and policy support will further strengthen this critical practice	ADU1-8 standard	S1 split: because. S3 split: ,yet. No restatement.	We should continue to separate our waste for recycling because it significantly enhances the efficiency and effectiveness of resource recovery. Separation allows recyclable materials to be processed more cleanly, reducing contamination and increasing the value of recycled products. Some argue that sorting waste is burdensome and time-consuming for individuals, yet these efforts can lead to long-term environmental benefits. Moreover, proper separation supports sustainable manufacturing practices by decreasing raw material extraction. As awareness grows about climate change impacts, investing in better recycling infrastructure becomes increasingly vital. Continued education and policy support will further strengthen this critical practice.	none	keep	1	e1:a1, e2:a2, e3:a3, e4:a4, e5:a5, e6:a6, e7:a7, e8:a8
137	Should we continue to separate our waste for recycling?	against	against	MATCH	yes	yes	6	8	8	no	S5-S6 are alternatives	[1] We should not continue to separate our waste for recycling | [2] because the current system is inefficient and unsustainable | [3] Separation processes consume significant energy and resources, often resulting in lower-quality recycled materials | [4] Critics argue that separation increases public participation in recycling efforts | [5] but this benefit is outweighed by the environmental costs of maintaining complex sorting facilities | [6] Moreover, contamination rates frequently render sorted recyclables unusable, undermining the purpose of separation | [7] A more effective approach would focus on reducing overall consumption and improving material design to minimize waste generation | [8] Additionally, investing in advanced technologies could enable better processing without relying on individual responsibility for separation	ADU1-8 standard	S1 split: because. S3 split: ,but. No restatement.	We should not continue to separate our waste for recycling because the current system is inefficient and unsustainable. Separation processes consume significant energy and resources, often resulting in lower-quality recycled materials. Critics argue that separation increases public participation in recycling efforts, but this benefit is outweighed by the environmental costs of maintaining complex sorting facilities. Moreover, contamination rates frequently render sorted recyclables unusable, undermining the purpose of separation. A more effective approach would focus on reducing overall consumption and improving material design to minimize waste generation. Additionally, investing in advanced technologies could enable better processing without relying on individual responsibility for separation.	none	keep	1	e1:a1, e2:a2, e3:a3, e4:a4, e5:a5, e6:a6, e7:a7, e8:a8
138	Should we continue to separate our waste for recycling?	for	for	MATCH	yes	yes	5	8	8	no	No restatement	[1] We should continue to separate our waste for recycling | [2] because it significantly increases the efficiency and effectiveness of resource recovery | [3] Separating recyclables reduces contamination, which enhances the quality of materials reused in manufacturing processes | [4] Critics argue that sorting waste is inconvenient and often leads to improper disposal | [5] but community education and improved infrastructure can mitigate these issues | [6] While some believe that landfill space remains abundant | [7] reliance on landfills contributes to long-term environmental degradation | [8] Investing in robust recycling systems supports sustainability goals and fosters a circular economy	ADU1-8 standard	5 sentences. S1 split: because. S3 split: ,but. S4 split: While. No restatement.	We should continue to separate our waste for recycling because it significantly increases the efficiency and effectiveness of resource recovery. Separating recyclables reduces contamination, which enhances the quality of materials reused in manufacturing processes. Critics argue that sorting waste is inconvenient and often leads to improper disposal, but community education and improved infrastructure can mitigate these issues. While some believe that landfill space remains abundant, reliance on landfills contributes to long-term environmental degradation. Investing in robust recycling systems supports sustainability goals and fosters a circular economy.	none	keep	1	e1:a1, e2:a2, e3:a3, e4:a4, e5:a5, e6:a6, e7:a7, e8:a8
139	Should we continue to separate our waste for recycling?	against	against	MATCH	yes	yes	6	7	7	no	S6 is alternative	[1] We should not continue to separate our waste for recycling | [2] because the system is inefficient and often results in contamination | [3] Many recyclables end up in landfills due to improper sorting, reducing the effectiveness of recycling efforts | [4] Critics argue that separating waste encourages consumer responsibility and environmental awareness | [5] However, this assumes individuals consistently follow proper disposal practices, which is frequently not the case | [6] Additionally, the cost of maintaining separate collection systems outweighs their benefits in many regions | [7] Furthermore, investing in advanced composting technologies could offer more sustainable solutions for organic waste management	ADU1-7 standard	S1 split: because. No restatement.	We should not continue to separate our waste for recycling because the system is inefficient and often results in contamination. Many recyclables end up in landfills due to improper sorting, reducing the effectiveness of recycling efforts. Critics argue that separating waste encourages consumer responsibility and environmental awareness. However, this assumes individuals consistently follow proper disposal practices, which is frequently not the case. Additionally, the cost of maintaining separate collection systems outweighs their benefits in many regions. Furthermore, investing in advanced composting technologies could offer more sustainable solutions for organic waste management.	none	keep	1	e1:a1, e2:a2, e3:a3, e4:a4, e5:a5, e6:a6, e7:a7
140	Should we continue to separate our waste for recycling?	for	for	MATCH	yes	yes	6	9	9	no	No restatement	[1] We should continue to separate our waste for recycling | [2] because it significantly improves the efficiency and effectiveness of resource recovery | [3] Separation allows recyclable materials to be processed without contamination, which reduces costs and enhances the quality of recycled products | [4] Some argue that sorting waste is inconvenient and often leads to improper disposal | [5] but education and improved infrastructure can mitigate these issues | [6] While some may believe that landfill space is sufficient | [7] this overlooks the long-term environmental harm caused by non-recyclable waste | [8] Additionally, separating waste supports sustainable practices by reducing the need for raw material extraction and lowering greenhouse gas emissions | [9] Recycling also fosters community responsibility and encourages more environmentally conscious behavior	ADU1-9 standard	S1 split: because. S3 split: ,but. S4 split: While. No restatement.	We should continue to separate our waste for recycling because it significantly improves the efficiency and effectiveness of resource recovery. Separation allows recyclable materials to be processed without contamination, which reduces costs and enhances the quality of recycled products. Some argue that sorting waste is inconvenient and often leads to improper disposal, but education and improved infrastructure can mitigate these issues. While some may believe that landfill space is sufficient, this overlooks the long-term environmental harm caused by non-recyclable waste. Additionally, separating waste supports sustainable practices by reducing the need for raw material extraction and lowering greenhouse gas emissions. Recycling also fosters community responsibility and encourages more environmentally conscious behavior.	none	keep	1	e1:a1, e2:a2, e3:a3, e4:a4, e5:a5, e6:a6, e7:a7, e8:a8, e9:a9
141	Should we continue to separate our waste for recycling?	against	against	MATCH	yes	yes	6	7	7	no	S6 is alternative	[1] We should not continue to separate our waste for recycling | [2] because current systems fail to achieve meaningful environmental benefits | [3] Separation processes often result in contamination, leading to lower-quality recyclables and increased costs | [4] Critics argue that sorting encourages consumer participation and raises awareness about sustainability | [5] However, this benefit is outweighed by the inefficiencies and resource consumption inherent in modern recycling infrastructure | [6] Additionally, investing in advanced technologies for processing mixed waste could yield greater overall environmental impact | [7] Prioritizing systemic changes over individual separation efforts may lead to more sustainable outcomes	ADU1-7 standard	S1 split: because. No restatement.	We should not continue to separate our waste for recycling because current systems fail to achieve meaningful environmental benefits. Separation processes often result in contamination, leading to lower-quality recyclables and increased costs. Critics argue that sorting encourages consumer participation and raises awareness about sustainability. However, this benefit is outweighed by the inefficiencies and resource consumption inherent in modern recycling infrastructure. Additionally, investing in advanced technologies for processing mixed waste could yield greater overall environmental impact. Prioritizing systemic changes over individual separation efforts may lead to more sustainable outcomes.	none	keep	1	e1:a1, e2:a2, e3:a3, e4:a4, e5:a5, e6:a6, e7:a7
142	Should we continue to separate our waste for recycling?	for	for	MATCH	yes	yes	6	7	7	no	S6 is additional support	[1] We should continue to separate our waste for recycling | [2] because it significantly enhances resource efficiency and reduces environmental harm | [3] Separating recyclables ensures materials are processed into new products, minimizing landfill use and conserving raw resources | [4] Critics argue that sorting is inconvenient and often results in contamination, undermining recycling efforts | [5] However, improved education and better infrastructure can mitigate these issues, making separation more effective | [6] Additionally, separating waste supports sustainable practices by reducing greenhouse gas emissions associated with producing new materials from virgin sources | [7] Continued investment in recycling systems will further enhance their viability and impact	ADU1-7 standard	S1 split: because. No restatement.	We should continue to separate our waste for recycling because it significantly enhances resource efficiency and reduces environmental harm. Separating recyclables ensures materials are processed into new products, minimizing landfill use and conserving raw resources. Critics argue that sorting is inconvenient and often results in contamination, undermining recycling efforts. However, improved education and better infrastructure can mitigate these issues, making separation more effective. Additionally, separating waste supports sustainable practices by reducing greenhouse gas emissions associated with producing new materials from virgin sources. Continued investment in recycling systems will further enhance their viability and impact.	none	keep	1	e1:a1, e2:a2, e3:a3, e4:a4, e5:a5, e6:a6, e7:a7
143	Should we continue to separate our waste for recycling?	against	against	MATCH	yes	yes	6	7	7	no	S6 is alternative	[1] We should not continue to separate our waste for recycling | [2] because the current system is inefficient and often leads to contamination | [3] Sorting processes require significant resources and time, which can outweigh the environmental benefits | [4] Critics argue that separating waste increases public participation in sustainability efforts | [5] However, this does not account for the high costs and low effectiveness of many recycling programs | [6] Additionally, advancements in technology suggest that centralized processing may offer more sustainable solutions | [7] Furthermore, reducing reliance on individual sorting could encourage broader systemic changes in waste management	ADU1-7 standard	S1 split: because. No restatement.	We should not continue to separate our waste for recycling because the current system is inefficient and often leads to contamination. Sorting processes require significant resources and time, which can outweigh the environmental benefits. Critics argue that separating waste increases public participation in sustainability efforts. However, this does not account for the high costs and low effectiveness of many recycling programs. Additionally, advancements in technology suggest that centralized processing may offer more sustainable solutions. Furthermore, reducing reliance on individual sorting could encourage broader systemic changes in waste management.	none	keep	1	e1:a1, e2:a2, e3:a3, e4:a4, e5:a5, e6:a6, e7:a7
